fecha,hora,triage_cantidad
29OCT2020,16,7
29OCT2020,15,4
29OCT2020,14,2
29OCT2020,13,4
29OCT2020,12,1
29OCT2020,11,2
29OCT2020,10,5
29OCT2020,9,10
29OCT2020,8,1
29OCT2020,6,1
29OCT2020,5,1
29OCT2020,4,1
29OCT2020,3,2
29OCT2020,1,3
29OCT2020,0,1
28OCT2020,23,1
28OCT2020,22,1
28OCT2020,21,3
28OCT2020,20,4
28OCT2020,19,2
28OCT2020,18,4
28OCT2020,17,1
28OCT2020,16,1
28OCT2020,15,6
28OCT2020,14,5
28OCT2020,13,2
28OCT2020,12,4
28OCT2020,11,4
28OCT2020,10,5
28OCT2020,9,1
28OCT2020,8,6
28OCT2020,7,1
28OCT2020,6,1
28OCT2020,4,1
28OCT2020,2,2
28OCT2020,0,4
27OCT2020,23,6
27OCT2020,22,4
27OCT2020,21,5
27OCT2020,20,1
27OCT2020,19,4
27OCT2020,18,4
27OCT2020,17,4
27OCT2020,16,5
27OCT2020,15,3
27OCT2020,14,3
27OCT2020,13,6
27OCT2020,12,6
27OCT2020,11,3
27OCT2020,10,4
27OCT2020,9,1
27OCT2020,8,1
27OCT2020,7,1
27OCT2020,6,1
27OCT2020,2,1
27OCT2020,1,3
27OCT2020,0,1
26OCT2020,22,2
26OCT2020,21,2
26OCT2020,20,1
26OCT2020,19,3
26OCT2020,18,2
26OCT2020,17,2
26OCT2020,16,4
26OCT2020,15,8
26OCT2020,14,9
26OCT2020,13,8
26OCT2020,12,3
26OCT2020,11,5
26OCT2020,10,4
26OCT2020,9,4
26OCT2020,8,2
26OCT2020,7,1
26OCT2020,5,1
26OCT2020,3,1
26OCT2020,2,1
26OCT2020,0,1
25OCT2020,23,1
25OCT2020,22,3
25OCT2020,21,4
25OCT2020,20,2
25OCT2020,19,2
25OCT2020,18,3
25OCT2020,17,1
25OCT2020,16,4
25OCT2020,15,3
25OCT2020,14,1
25OCT2020,13,2
25OCT2020,11,1
25OCT2020,10,3
25OCT2020,6,1
25OCT2020,2,2
25OCT2020,1,1
25OCT2020,0,2
24OCT2020,23,2
24OCT2020,22,2
24OCT2020,21,1
24OCT2020,20,2
24OCT2020,19,6
24OCT2020,18,5
24OCT2020,17,5
24OCT2020,16,1
24OCT2020,15,2
24OCT2020,14,3
24OCT2020,13,4
24OCT2020,12,4
24OCT2020,11,1
24OCT2020,10,4
24OCT2020,9,2
24OCT2020,5,1
24OCT2020,1,3
24OCT2020,0,1
23OCT2020,23,5
23OCT2020,22,5
23OCT2020,21,2
23OCT2020,20,2
23OCT2020,19,2
23OCT2020,18,5
23OCT2020,17,6
23OCT2020,16,2
23OCT2020,15,6
23OCT2020,14,1
23OCT2020,13,5
23OCT2020,12,4
23OCT2020,11,3
23OCT2020,10,5
23OCT2020,9,2
23OCT2020,8,1
23OCT2020,4,1
23OCT2020,1,4
22OCT2020,23,1
22OCT2020,22,4
22OCT2020,21,4
22OCT2020,20,9
22OCT2020,19,3
22OCT2020,18,3
22OCT2020,17,3
22OCT2020,16,2
22OCT2020,15,5
22OCT2020,14,4
22OCT2020,13,6
22OCT2020,12,2
22OCT2020,11,2
22OCT2020,10,2
22OCT2020,9,1
22OCT2020,8,2
22OCT2020,5,2
22OCT2020,2,1
22OCT2020,1,1
21OCT2020,22,2
21OCT2020,21,4
21OCT2020,20,5
21OCT2020,19,1
21OCT2020,18,4
21OCT2020,17,1
21OCT2020,16,5
21OCT2020,15,8
21OCT2020,14,1
21OCT2020,13,4
21OCT2020,12,3
21OCT2020,11,1
21OCT2020,10,3
21OCT2020,9,1
21OCT2020,7,1
21OCT2020,1,1
21OCT2020,0,2
20OCT2020,23,2
16OCT2020,23,6
16OCT2020,22,2
16OCT2020,21,3
16OCT2020,20,8
16OCT2020,19,4
16OCT2020,18,3
16OCT2020,17,2
16OCT2020,16,6
16OCT2020,15,22
16OCT2020,14,27
16OCT2020,13,30
16OCT2020,12,16
16OCT2020,11,17
16OCT2020,10,24
16OCT2020,9,15
16OCT2020,8,7
16OCT2020,7,4
16OCT2020,6,1
16OCT2020,5,1
16OCT2020,4,1
16OCT2020,3,2
16OCT2020,2,3
16OCT2020,1,3
16OCT2020,0,19
15OCT2020,23,6
15OCT2020,22,16
15OCT2020,21,20
15OCT2020,20,19
15OCT2020,19,28
15OCT2020,18,18
15OCT2020,17,28
15OCT2020,16,16
15OCT2020,15,26
15OCT2020,14,33
15OCT2020,13,20
15OCT2020,12,21
15OCT2020,11,26
15OCT2020,10,17
15OCT2020,9,14
15OCT2020,8,10
15OCT2020,7,7
15OCT2020,6,3
15OCT2020,5,1
15OCT2020,4,4
15OCT2020,3,1
15OCT2020,2,1
15OCT2020,1,7
15OCT2020,0,6
14OCT2020,23,3
14OCT2020,22,10
14OCT2020,21,13
14OCT2020,20,13
14OCT2020,19,15
14OCT2020,18,20
14OCT2020,17,18
14OCT2020,16,22
14OCT2020,15,11
14OCT2020,14,22
14OCT2020,13,20
14OCT2020,12,19
14OCT2020,11,25
14OCT2020,10,33
14OCT2020,9,15
14OCT2020,8,11
14OCT2020,7,8
14OCT2020,6,2
14OCT2020,5,3
14OCT2020,3,3
14OCT2020,1,5
14OCT2020,0,12
13OCT2020,23,10
13OCT2020,22,11
13OCT2020,21,11
13OCT2020,20,13
13OCT2020,19,20
13OCT2020,18,14
13OCT2020,17,15
13OCT2020,16,21
13OCT2020,15,11
13OCT2020,14,26
13OCT2020,13,15
13OCT2020,12,30
13OCT2020,11,21
13OCT2020,10,18
13OCT2020,9,15
13OCT2020,8,14
13OCT2020,7,8
13OCT2020,6,5
13OCT2020,5,2
13OCT2020,4,3
13OCT2020,3,1
13OCT2020,2,4
13OCT2020,1,3
13OCT2020,0,8
12OCT2020,23,4
12OCT2020,22,7
12OCT2020,21,18
12OCT2020,20,8
12OCT2020,19,15
12OCT2020,18,8
12OCT2020,17,15
12OCT2020,16,22
12OCT2020,15,20
12OCT2020,14,13
12OCT2020,13,15
12OCT2020,12,23
12OCT2020,11,23
12OCT2020,10,15
12OCT2020,9,10
01SEP2020,23,8
01SEP2020,22,9
01SEP2020,21,14
01SEP2020,20,19
01SEP2020,19,19
01SEP2020,18,16
01SEP2020,17,17
01SEP2020,16,17
01SEP2020,15,30
01SEP2020,14,23
01SEP2020,13,16
01SEP2020,12,19
01SEP2020,11,14
01SEP2020,10,17
01SEP2020,9,14
01SEP2020,8,4
01SEP2020,7,3
01SEP2020,6,1
01SEP2020,5,1
01SEP2020,4,1
01SEP2020,3,2
01SEP2020,2,2
01SEP2020,1,8
01SEP2020,0,9
31AUG2020,23,13
31AUG2020,22,16
31AUG2020,21,20
31AUG2020,20,23
31AUG2020,19,17
31AUG2020,18,21
31AUG2020,17,24
31AUG2020,16,30
31AUG2020,15,24
31AUG2020,14,20
31AUG2020,13,14
31AUG2020,12,21
31AUG2020,11,32
31AUG2020,10,19
31AUG2020,9,18
31AUG2020,8,4
31AUG2020,7,5
31AUG2020,6,3
31AUG2020,5,1
31AUG2020,4,2
31AUG2020,3,1
31AUG2020,2,6
31AUG2020,1,6
31AUG2020,0,8
30AUG2020,23,8
30AUG2020,22,15
30AUG2020,21,15
30AUG2020,20,13
30AUG2020,19,12
30AUG2020,18,17
30AUG2020,17,9
30AUG2020,16,14
30AUG2020,15,16
30AUG2020,14,14
30AUG2020,13,11
30AUG2020,12,18
30AUG2020,11,4
30AUG2020,10,11
30AUG2020,9,5
30AUG2020,8,2
30AUG2020,7,1
30AUG2020,6,3
30AUG2020,5,1
30AUG2020,4,2
30AUG2020,3,1
30AUG2020,2,4
30AUG2020,1,5
30AUG2020,0,4
29AUG2020,23,10
29AUG2020,22,13
29AUG2020,21,21
29AUG2020,20,11
29AUG2020,19,19
29AUG2020,18,22
29AUG2020,17,11
29AUG2020,16,11
29AUG2020,15,11
29AUG2020,14,21
29AUG2020,13,16
29AUG2020,12,18
29AUG2020,11,21
29AUG2020,10,13
29AUG2020,9,13
29AUG2020,8,4
29AUG2020,7,2
29AUG2020,6,1
29AUG2020,5,4
29AUG2020,4,2
29AUG2020,2,1
29AUG2020,1,3
29AUG2020,0,8
28AUG2020,23,9
28AUG2020,22,7
28AUG2020,21,9
28AUG2020,20,23
28AUG2020,19,24
28AUG2020,18,16
28AUG2020,17,16
28AUG2020,16,17
28AUG2020,15,25
28AUG2020,14,23
28AUG2020,13,24
28AUG2020,12,23
28AUG2020,11,17
28AUG2020,10,17
28AUG2020,9,10
28AUG2020,8,5
28AUG2020,7,1
28AUG2020,6,3
28AUG2020,5,4
28AUG2020,2,7
28AUG2020,1,3
28AUG2020,0,9
27AUG2020,23,14
27AUG2020,22,19
27AUG2020,21,17
27AUG2020,20,15
27AUG2020,19,27
27AUG2020,18,9
27AUG2020,17,11
27AUG2020,16,22
27AUG2020,15,11
27AUG2020,14,16
27AUG2020,13,22
27AUG2020,12,17
27AUG2020,11,12
27AUG2020,10,19
27AUG2020,9,14
27AUG2020,8,7
27AUG2020,7,2
27AUG2020,6,2
26AUG2020,23,14
26AUG2020,22,11
26AUG2020,21,21
26AUG2020,20,16
26AUG2020,19,14
26AUG2020,18,17
26AUG2020,17,16
26AUG2020,16,16
26AUG2020,15,31
26AUG2020,14,31
26AUG2020,13,18
26AUG2020,12,26
26AUG2020,11,18
26AUG2020,10,16
26AUG2020,9,8
26AUG2020,8,8
26AUG2020,7,5
26AUG2020,6,6
26AUG2020,5,2
26AUG2020,4,1
26AUG2020,3,1
26AUG2020,2,6
26AUG2020,1,4
26AUG2020,0,9
25AUG2020,23,13
25AUG2020,22,13
25AUG2020,21,23
25AUG2020,20,21
25AUG2020,19,27
25AUG2020,18,19
25AUG2020,17,16
25AUG2020,16,22
25AUG2020,15,26
25AUG2020,14,25
25AUG2020,13,28
25AUG2020,12,22
25AUG2020,11,22
25AUG2020,10,23
25AUG2020,9,13
25AUG2020,8,7
25AUG2020,7,8
25AUG2020,6,1
25AUG2020,5,2
25AUG2020,4,1
25AUG2020,3,3
25AUG2020,2,3
25AUG2020,1,4
25AUG2020,0,9
24AUG2020,23,4
24AUG2020,22,14
24AUG2020,21,12
24AUG2020,20,28
24AUG2020,19,27
24AUG2020,18,23
24AUG2020,17,20
24AUG2020,16,24
24AUG2020,15,30
24AUG2020,14,26
24AUG2020,13,21
24AUG2020,12,23
24AUG2020,11,27
24AUG2020,10,13
24AUG2020,9,13
24AUG2020,8,8
24AUG2020,7,9
24AUG2020,6,2
24AUG2020,5,1
24AUG2020,4,5
24AUG2020,3,1
24AUG2020,2,1
24AUG2020,1,7
24AUG2020,0,6
23AUG2020,23,8
23AUG2020,22,10
23AUG2020,21,11
23AUG2020,20,17
23AUG2020,19,12
23AUG2020,18,9
23AUG2020,17,18
23AUG2020,16,12
23AUG2020,15,20
23AUG2020,14,24
23AUG2020,13,15
23AUG2020,12,14
23AUG2020,11,12
23AUG2020,10,8
23AUG2020,9,5
23AUG2020,8,1
23AUG2020,7,1
23AUG2020,6,1
23AUG2020,5,2
23AUG2020,4,1
23AUG2020,3,1
23AUG2020,2,4
23AUG2020,1,6
23AUG2020,0,7
22AUG2020,23,13
22AUG2020,22,17
22AUG2020,21,11
22AUG2020,20,11
22AUG2020,19,11
22AUG2020,18,18
22AUG2020,17,19
22AUG2020,16,15
22AUG2020,15,18
22AUG2020,14,22
22AUG2020,13,11
22AUG2020,12,14
22AUG2020,11,10
22AUG2020,10,15
22AUG2020,9,6
22AUG2020,8,3
22AUG2020,7,1
22AUG2020,6,1
22AUG2020,5,4
22AUG2020,4,6
22AUG2020,3,2
22AUG2020,2,4
22AUG2020,1,8
22AUG2020,0,8
21AUG2020,23,5
21AUG2020,22,12
21AUG2020,21,22
21AUG2020,20,10
21AUG2020,19,21
21AUG2020,18,15
21AUG2020,17,23
21AUG2020,16,14
21AUG2020,15,14
21AUG2020,14,24
21AUG2020,13,29
21AUG2020,12,14
21AUG2020,11,22
21AUG2020,10,19
21AUG2020,9,8
21AUG2020,8,11
21AUG2020,7,3
21AUG2020,6,3
21AUG2020,5,2
21AUG2020,3,2
21AUG2020,2,3
21AUG2020,1,3
21AUG2020,0,11
20AUG2020,23,9
20AUG2020,22,10
20AUG2020,21,16
20AUG2020,20,17
20AUG2020,19,20
20AUG2020,18,22
20AUG2020,17,21
20AUG2020,16,17
20AUG2020,15,27
20AUG2020,14,21
20AUG2020,13,19
20AUG2020,12,32
20AUG2020,11,17
20AUG2020,10,21
20AUG2020,9,13
20AUG2020,8,8
18AUG2020,17,5
18AUG2020,16,19
18AUG2020,15,28
18AUG2020,14,20
18AUG2020,13,21
18AUG2020,12,21
18AUG2020,11,18
18AUG2020,10,18
18AUG2020,9,11
18AUG2020,8,9
18AUG2020,7,1
18AUG2020,6,2
18AUG2020,5,3
18AUG2020,4,1
18AUG2020,3,7
18AUG2020,2,6
18AUG2020,1,5
18AUG2020,0,10
17AUG2020,23,11
17AUG2020,22,25
17AUG2020,21,15
17AUG2020,20,24
17AUG2020,19,19
17AUG2020,18,9
17AUG2020,17,14
17AUG2020,16,15
17AUG2020,15,15
17AUG2020,14,13
17AUG2020,13,23
17AUG2020,12,15
17AUG2020,11,14
17AUG2020,10,24
17AUG2020,9,8
17AUG2020,8,4
17AUG2020,7,1
17AUG2020,6,2
17AUG2020,5,1
17AUG2020,4,1
17AUG2020,3,1
17AUG2020,2,3
17AUG2020,1,5
17AUG2020,0,14
16AUG2020,23,11
16AUG2020,22,11
16AUG2020,21,8
16AUG2020,20,17
16AUG2020,19,16
16AUG2020,18,7
16AUG2020,17,17
16AUG2020,16,11
16AUG2020,15,19
16AUG2020,14,16
16AUG2020,13,12
16AUG2020,12,19
16AUG2020,11,6
16AUG2020,10,6
16AUG2020,9,5
16AUG2020,8,2
16AUG2020,7,4
16AUG2020,5,1
16AUG2020,4,2
16AUG2020,3,1
16AUG2020,2,5
16AUG2020,1,5
16AUG2020,0,4
15AUG2020,23,15
15AUG2020,22,8
15AUG2020,21,14
15AUG2020,20,11
15AUG2020,19,11
15AUG2020,18,19
15AUG2020,17,5
15AUG2020,16,17
15AUG2020,15,15
15AUG2020,14,23
15AUG2020,13,13
15AUG2020,12,18
15AUG2020,11,12
15AUG2020,10,10
15AUG2020,9,15
15AUG2020,8,10
15AUG2020,7,3
15AUG2020,6,1
15AUG2020,4,5
15AUG2020,3,4
15AUG2020,2,4
15AUG2020,1,3
15AUG2020,0,5
14AUG2020,23,10
14AUG2020,22,19
14AUG2020,21,16
14AUG2020,20,22
14AUG2020,19,26
14AUG2020,18,24
14AUG2020,17,25
14AUG2020,16,30
14AUG2020,15,20
14AUG2020,14,40
14AUG2020,13,20
14AUG2020,12,22
14AUG2020,11,26
14AUG2020,10,8
14AUG2020,9,16
14AUG2020,8,11
14AUG2020,7,5
14AUG2020,6,2
14AUG2020,5,2
14AUG2020,4,4
14AUG2020,3,2
14AUG2020,2,1
14AUG2020,1,7
14AUG2020,0,12
13AUG2020,23,12
13AUG2020,22,18
13AUG2020,21,14
13AUG2020,20,22
13AUG2020,19,16
13AUG2020,18,19
13AUG2020,17,23
13AUG2020,16,29
13AUG2020,15,26
13AUG2020,14,23
13AUG2020,13,26
13AUG2020,12,18
13AUG2020,11,22
13AUG2020,10,18
13AUG2020,9,14
13AUG2020,8,8
13AUG2020,7,5
13AUG2020,6,1
13AUG2020,5,2
13AUG2020,4,4
13AUG2020,3,3
13AUG2020,2,4
13AUG2020,1,4
13AUG2020,0,8
12AUG2020,23,13
12AUG2020,22,19
12AUG2020,21,15
12AUG2020,20,16
12AUG2020,19,20
12AUG2020,18,18
12AUG2020,17,29
12AUG2020,16,33
12AUG2020,15,18
12AUG2020,14,30
12AUG2020,13,24
12AUG2020,12,21
12AUG2020,11,22
12AUG2020,10,16
12AUG2020,9,12
12AUG2020,8,11
12AUG2020,7,8
12AUG2020,6,2
12AUG2020,3,4
12AUG2020,2,2
12AUG2020,1,8
12AUG2020,0,10
11AUG2020,23,15
11AUG2020,22,18
11AUG2020,21,20
11AUG2020,20,22
11AUG2020,19,23
11AUG2020,18,26
11AUG2020,17,30
11AUG2020,16,29
11AUG2020,15,22
11AUG2020,14,13
11AUG2020,13,34
11AUG2020,12,36
11AUG2020,11,28
11AUG2020,10,16
11AUG2020,9,16
11AUG2020,8,9
11AUG2020,7,6
11AUG2020,6,3
11AUG2020,5,5
11AUG2020,4,2
11AUG2020,2,2
11AUG2020,1,3
11AUG2020,0,13
10AUG2020,23,16
10AUG2020,22,19
10AUG2020,21,15
10AUG2020,20,24
10AUG2020,19,20
10AUG2020,18,28
10AUG2020,17,25
10AUG2020,16,25
10AUG2020,15,31
10AUG2020,14,27
10AUG2020,13,33
10AUG2020,12,20
10AUG2020,11,34
10AUG2020,10,22
10AUG2020,9,16
10AUG2020,8,6
10AUG2020,7,4
10AUG2020,6,6
10AUG2020,5,2
10AUG2020,4,1
10AUG2020,3,6
10AUG2020,2,6
10AUG2020,1,4
10AUG2020,0,8
09AUG2020,23,18
09AUG2020,22,20
09AUG2020,21,14
09AUG2020,20,26
09AUG2020,19,26
09AUG2020,18,15
09AUG2020,17,13
09AUG2020,16,19
09AUG2020,15,20
09AUG2020,14,19
09AUG2020,13,25
09AUG2020,12,27
09AUG2020,11,15
09AUG2020,10,16
09AUG2020,9,15
09AUG2020,8,5
09AUG2020,7,3
09AUG2020,6,2
09AUG2020,5,2
09AUG2020,3,2
09AUG2020,2,12
09AUG2020,1,9
09AUG2020,0,15
08AUG2020,23,10
08AUG2020,22,20
08AUG2020,21,17
08AUG2020,20,12
08AUG2020,19,23
08AUG2020,18,17
08AUG2020,17,14
08AUG2020,16,17
08AUG2020,15,26
08AUG2020,14,24
08AUG2020,13,19
08AUG2020,12,22
08AUG2020,11,17
08AUG2020,10,14
08AUG2020,9,10
08AUG2020,8,5
08AUG2020,7,4
08AUG2020,5,2
08AUG2020,4,2
08AUG2020,3,3
08AUG2020,2,7
08AUG2020,1,12
08AUG2020,0,12
07AUG2020,23,13
07AUG2020,22,18
07AUG2020,21,19
07AUG2020,20,14
07AUG2020,19,25
07AUG2020,18,27
07AUG2020,17,23
07AUG2020,16,21
07AUG2020,15,21
07AUG2020,14,17
07AUG2020,13,39
07AUG2020,12,22
07AUG2020,11,26
07AUG2020,10,19
07AUG2020,9,12
07AUG2020,8,10
07AUG2020,7,3
07AUG2020,6,1
07AUG2020,5,2
07AUG2020,4,3
07AUG2020,3,6
07AUG2020,2,6
07AUG2020,1,6
07AUG2020,0,7
06AUG2020,23,10
06AUG2020,22,18
06AUG2020,21,9
06AUG2020,20,15
06AUG2020,19,15
06AUG2020,18,23
06AUG2020,17,27
06AUG2020,16,22
06AUG2020,15,15
06AUG2020,14,24
06AUG2020,13,33
06AUG2020,12,18
06AUG2020,11,25
06AUG2020,10,13
06AUG2020,9,16
06AUG2020,8,3
06AUG2020,7,10
06AUG2020,6,1
06AUG2020,5,2
06AUG2020,4,2
06AUG2020,3,3
06AUG2020,2,4
06AUG2020,1,6
06AUG2020,0,14
05AUG2020,23,16
05AUG2020,22,21
05AUG2020,21,24
05AUG2020,20,21
05AUG2020,19,19
05AUG2020,18,18
05AUG2020,17,22
05AUG2020,16,16
05AUG2020,15,20
05AUG2020,14,23
05AUG2020,13,23
05AUG2020,12,27
05AUG2020,11,22
05AUG2020,10,18
05AUG2020,9,11
05AUG2020,8,7
05AUG2020,7,5
05AUG2020,6,4
05AUG2020,5,1
05AUG2020,4,1
05AUG2020,3,4
05AUG2020,2,4
05AUG2020,1,4
05AUG2020,0,9
04AUG2020,23,11
04AUG2020,22,15
04AUG2020,21,9
04AUG2020,20,26
04AUG2020,19,26
04AUG2020,18,16
04AUG2020,17,18
04AUG2020,16,23
04AUG2020,15,26
04AUG2020,14,20
04AUG2020,13,19
04AUG2020,12,20
04AUG2020,11,16
04AUG2020,10,13
04AUG2020,9,19
04AUG2020,8,9
04AUG2020,7,5
04AUG2020,6,3
04AUG2020,5,2
04AUG2020,4,6
04AUG2020,3,4
04AUG2020,2,2
04AUG2020,1,8
04AUG2020,0,9
03AUG2020,23,12
03AUG2020,22,18
03AUG2020,21,10
03AUG2020,20,28
03AUG2020,19,26
03AUG2020,18,18
03AUG2020,17,24
03AUG2020,16,23
03AUG2020,15,30
03AUG2020,14,29
03AUG2020,13,34
03AUG2020,12,36
03AUG2020,11,20
03AUG2020,10,12
03AUG2020,9,14
03AUG2020,8,10
03AUG2020,7,3
03AUG2020,6,2
03AUG2020,5,6
03AUG2020,3,6
03AUG2020,2,4
03AUG2020,1,5
03AUG2020,0,10
02AUG2020,23,12
02AUG2020,22,10
02AUG2020,21,16
02AUG2020,20,21
02AUG2020,19,20
02AUG2020,18,19
02AUG2020,17,14
02AUG2020,16,13
02AUG2020,15,18
02AUG2020,14,20
02AUG2020,13,15
02AUG2020,12,19
02AUG2020,11,11
02AUG2020,10,9
02AUG2020,9,5
02AUG2020,8,5
02AUG2020,5,1
02AUG2020,4,1
02AUG2020,3,1
02AUG2020,2,3
02AUG2020,1,8
02AUG2020,0,11
01AUG2020,23,13
01AUG2020,22,14
01AUG2020,21,21
01AUG2020,20,16
01AUG2020,19,22
01AUG2020,18,16
01AUG2020,17,12
01AUG2020,16,9
01AUG2020,15,14
01AUG2020,14,24
01AUG2020,13,18
01AUG2020,12,18
01AUG2020,11,26
01AUG2020,10,6
01AUG2020,9,10
01AUG2020,8,4
01AUG2020,7,3
01AUG2020,6,4
01AUG2020,5,1
01AUG2020,4,3
01AUG2020,3,1
01AUG2020,2,4
01AUG2020,1,5
01AUG2020,0,10
31JUL2020,23,6
31JUL2020,22,17
31JUL2020,21,14
31JUL2020,20,17
31JUL2020,19,18
31JUL2020,18,22
31JUL2020,17,14
31JUL2020,16,27
31JUL2020,15,23
31JUL2020,14,40
31JUL2020,13,22
31JUL2020,12,13
31JUL2020,11,23
31JUL2020,10,19
31JUL2020,9,11
31JUL2020,8,5
31JUL2020,7,3
31JUL2020,6,1
31JUL2020,5,2
31JUL2020,4,2
31JUL2020,3,2
31JUL2020,2,3
31JUL2020,1,3
31JUL2020,0,15
30JUL2020,23,9
30JUL2020,22,13
30JUL2020,21,17
30JUL2020,20,22
30JUL2020,19,16
30JUL2020,18,21
30JUL2020,17,26
30JUL2020,16,25
30JUL2020,15,14
30JUL2020,14,21
30JUL2020,13,23
30JUL2020,12,16
30JUL2020,11,16
30JUL2020,10,20
30JUL2020,9,13
30JUL2020,8,5
30JUL2020,7,5
30JUL2020,5,2
30JUL2020,3,4
30JUL2020,2,3
30JUL2020,1,5
30JUL2020,0,7
29JUL2020,23,11
29JUL2020,22,14
29JUL2020,21,19
29JUL2020,20,16
29JUL2020,19,14
29JUL2020,18,26
29JUL2020,17,23
29JUL2020,16,16
29JUL2020,15,17
29JUL2020,14,26
29JUL2020,13,24
29JUL2020,12,19
29JUL2020,11,20
29JUL2020,10,18
29JUL2020,9,14
29JUL2020,8,7
29JUL2020,7,6
29JUL2020,6,1
29JUL2020,5,3
29JUL2020,4,7
29JUL2020,3,6
29JUL2020,2,1
29JUL2020,1,5
29JUL2020,0,7
28JUL2020,23,5
28JUL2020,22,16
28JUL2020,21,28
28JUL2020,20,19
28JUL2020,19,20
28JUL2020,18,18
28JUL2020,17,14
28JUL2020,16,20
28JUL2020,15,24
28JUL2020,14,21
28JUL2020,13,23
28JUL2020,12,25
28JUL2020,11,14
28JUL2020,10,12
28JUL2020,9,8
28JUL2020,8,6
28JUL2020,7,2
28JUL2020,6,2
28JUL2020,5,2
28JUL2020,4,3
28JUL2020,3,2
28JUL2020,2,5
28JUL2020,1,7
28JUL2020,0,9
27JUL2020,23,10
27JUL2020,22,13
27JUL2020,21,20
27JUL2020,20,18
27JUL2020,19,23
27JUL2020,18,11
27JUL2020,17,20
27JUL2020,16,24
27JUL2020,15,22
27JUL2020,14,23
27JUL2020,13,28
27JUL2020,12,28
27JUL2020,11,26
27JUL2020,10,22
27JUL2020,9,15
27JUL2020,8,9
27JUL2020,7,3
27JUL2020,6,2
27JUL2020,5,3
27JUL2020,4,3
27JUL2020,3,6
27JUL2020,2,3
27JUL2020,1,7
27JUL2020,0,9
26JUL2020,23,12
26JUL2020,22,9
26JUL2020,21,13
26JUL2020,20,20
26JUL2020,19,16
26JUL2020,18,21
26JUL2020,17,5
26JUL2020,16,16
26JUL2020,15,18
26JUL2020,14,14
26JUL2020,13,14
26JUL2020,12,17
26JUL2020,11,19
26JUL2020,10,8
26JUL2020,9,7
26JUL2020,8,2
26JUL2020,7,4
26JUL2020,6,2
26JUL2020,5,3
26JUL2020,4,3
26JUL2020,3,4
26JUL2020,2,8
26JUL2020,1,6
26JUL2020,0,7
25JUL2020,23,8
25JUL2020,22,16
25JUL2020,21,16
25JUL2020,20,17
25JUL2020,19,20
25JUL2020,18,16
25JUL2020,17,6
25JUL2020,16,19
25JUL2020,15,16
25JUL2020,14,20
25JUL2020,13,20
25JUL2020,12,9
25JUL2020,11,16
25JUL2020,10,10
25JUL2020,9,7
25JUL2020,8,7
25JUL2020,7,6
25JUL2020,0,1
24JUL2020,23,9
24JUL2020,22,8
24JUL2020,21,13
24JUL2020,20,18
24JUL2020,19,18
24JUL2020,18,19
24JUL2020,17,21
24JUL2020,16,11
24JUL2020,15,22
24JUL2020,14,28
24JUL2020,13,16
24JUL2020,12,16
24JUL2020,11,17
24JUL2020,10,16
24JUL2020,9,21
24JUL2020,8,9
24JUL2020,7,5
24JUL2020,6,1
24JUL2020,5,1
24JUL2020,4,2
24JUL2020,3,4
24JUL2020,2,6
24JUL2020,1,11
24JUL2020,0,13
23JUL2020,23,11
23JUL2020,22,17
23JUL2020,21,23
23JUL2020,20,18
23JUL2020,19,18
23JUL2020,18,24
23JUL2020,17,22
23JUL2020,16,14
23JUL2020,15,26
23JUL2020,14,30
23JUL2020,13,21
23JUL2020,12,16
23JUL2020,11,26
23JUL2020,10,7
23JUL2020,9,12
23JUL2020,8,10
23JUL2020,7,2
23JUL2020,6,1
23JUL2020,4,2
23JUL2020,3,6
23JUL2020,2,4
23JUL2020,1,4
23JUL2020,0,11
22JUL2020,23,16
22JUL2020,22,13
22JUL2020,21,23
22JUL2020,20,16
22JUL2020,19,18
22JUL2020,18,23
22JUL2020,17,19
22JUL2020,16,21
22JUL2020,15,20
22JUL2020,14,27
22JUL2020,13,27
22JUL2020,12,24
22JUL2020,11,21
22JUL2020,10,16
22JUL2020,9,5
22JUL2020,8,6
22JUL2020,7,2
22JUL2020,6,2
22JUL2020,5,4
22JUL2020,4,3
22JUL2020,3,3
22JUL2020,2,5
22JUL2020,1,6
22JUL2020,0,12
21JUL2020,23,13
21JUL2020,22,13
21JUL2020,21,23
21JUL2020,20,15
21JUL2020,19,21
21JUL2020,18,24
21JUL2020,17,15
21JUL2020,16,15
21JUL2020,15,26
21JUL2020,14,30
21JUL2020,13,26
21JUL2020,12,19
21JUL2020,11,25
21JUL2020,10,29
21JUL2020,9,28
21JUL2020,8,5
21JUL2020,7,7
21JUL2020,6,6
21JUL2020,5,3
21JUL2020,4,1
21JUL2020,3,3
21JUL2020,2,4
21JUL2020,1,11
21JUL2020,0,15
20JUL2020,23,12
20JUL2020,22,12
20JUL2020,21,16
20JUL2020,20,17
20JUL2020,19,13
20JUL2020,18,28
20JUL2020,17,20
20JUL2020,16,18
20JUL2020,15,26
20JUL2020,14,18
20JUL2020,13,25
20JUL2020,12,16
20JUL2020,11,14
20JUL2020,10,11
20JUL2020,9,7
20JUL2020,8,9
20JUL2020,7,5
20JUL2020,6,5
20JUL2020,5,2
20JUL2020,4,3
20JUL2020,3,5
20JUL2020,2,5
20JUL2020,1,3
20JUL2020,0,4
19JUL2020,23,13
19JUL2020,22,10
19JUL2020,21,15
19JUL2020,20,14
19JUL2020,19,15
19JUL2020,18,13
19JUL2020,17,14
19JUL2020,16,20
19JUL2020,15,18
19JUL2020,14,16
19JUL2020,13,20
19JUL2020,12,13
19JUL2020,11,16
19JUL2020,10,9
19JUL2020,9,6
19JUL2020,8,6
19JUL2020,7,2
19JUL2020,6,2
19JUL2020,5,1
19JUL2020,4,1
19JUL2020,3,5
19JUL2020,2,6
19JUL2020,1,10
19JUL2020,0,10
18JUL2020,23,14
18JUL2020,22,16
18JUL2020,21,15
18JUL2020,20,21
18JUL2020,19,12
18JUL2020,18,13
18JUL2020,17,12
18JUL2020,16,14
18JUL2020,15,12
18JUL2020,14,18
18JUL2020,13,20
18JUL2020,12,11
18JUL2020,11,16
18JUL2020,10,13
18JUL2020,9,5
18JUL2020,8,8
18JUL2020,7,2
18JUL2020,6,1
18JUL2020,5,5
18JUL2020,4,6
18JUL2020,3,2
18JUL2020,2,1
18JUL2020,1,7
18JUL2020,0,16
17JUL2020,23,13
17JUL2020,22,20
17JUL2020,21,20
17JUL2020,20,12
17JUL2020,19,18
17JUL2020,18,14
17JUL2020,17,10
17JUL2020,16,24
17JUL2020,15,23
17JUL2020,14,18
17JUL2020,13,25
17JUL2020,12,23
17JUL2020,11,15
17JUL2020,10,12
17JUL2020,9,9
17JUL2020,8,6
17JUL2020,7,2
17JUL2020,6,1
17JUL2020,4,4
17JUL2020,3,2
17JUL2020,2,1
17JUL2020,1,6
17JUL2020,0,7
16JUL2020,23,12
16JUL2020,22,15
16JUL2020,21,20
16JUL2020,20,11
16JUL2020,19,14
16JUL2020,18,15
16JUL2020,17,27
16JUL2020,16,16
16JUL2020,15,16
16JUL2020,14,13
16JUL2020,13,17
16JUL2020,12,17
16JUL2020,11,23
16JUL2020,10,8
16JUL2020,9,12
16JUL2020,8,4
16JUL2020,7,2
16JUL2020,6,1
16JUL2020,5,2
16JUL2020,4,2
16JUL2020,3,1
16JUL2020,2,4
16JUL2020,1,8
16JUL2020,0,13
15JUL2020,23,7
15JUL2020,22,15
15JUL2020,21,20
15JUL2020,20,14
15JUL2020,19,20
15JUL2020,18,14
15JUL2020,17,13
15JUL2020,16,20
15JUL2020,15,25
15JUL2020,14,17
15JUL2020,13,28
15JUL2020,12,18
15JUL2020,11,18
15JUL2020,10,14
15JUL2020,9,8
15JUL2020,8,3
15JUL2020,7,4
15JUL2020,6,5
15JUL2020,5,2
15JUL2020,4,1
15JUL2020,3,2
15JUL2020,2,6
15JUL2020,1,7
15JUL2020,0,7
14JUL2020,23,12
14JUL2020,22,15
14JUL2020,21,22
14JUL2020,20,17
14JUL2020,19,21
14JUL2020,18,22
14JUL2020,17,15
14JUL2020,16,15
14JUL2020,15,10
14JUL2020,14,15
14JUL2020,13,25
14JUL2020,12,20
14JUL2020,11,13
14JUL2020,10,9
14JUL2020,9,6
14JUL2020,8,5
14JUL2020,7,1
14JUL2020,4,2
14JUL2020,3,2
14JUL2020,2,4
14JUL2020,1,7
14JUL2020,0,8
13JUL2020,23,8
13JUL2020,22,5
13JUL2020,21,14
13JUL2020,20,11
13JUL2020,19,12
13JUL2020,18,15
13JUL2020,17,15
13JUL2020,16,9
13JUL2020,15,17
13JUL2020,14,17
13JUL2020,13,20
13JUL2020,12,16
13JUL2020,11,17
13JUL2020,10,13
13JUL2020,9,11
13JUL2020,8,7
13JUL2020,7,4
13JUL2020,6,1
13JUL2020,5,2
13JUL2020,4,3
13JUL2020,3,1
13JUL2020,2,2
13JUL2020,1,2
13JUL2020,0,11
12JUL2020,23,9
12JUL2020,22,14
12JUL2020,21,17
12JUL2020,20,19
12JUL2020,19,16
12JUL2020,18,11
12JUL2020,17,10
12JUL2020,16,11
12JUL2020,15,13
12JUL2020,14,12
12JUL2020,13,13
12JUL2020,12,11
12JUL2020,11,7
12JUL2020,10,4
12JUL2020,9,1
12JUL2020,8,2
12JUL2020,7,1
12JUL2020,6,3
12JUL2020,5,2
12JUL2020,4,1
12JUL2020,3,6
12JUL2020,2,6
12JUL2020,1,7
12JUL2020,0,9
11JUL2020,23,5
11JUL2020,22,8
11JUL2020,21,11
11JUL2020,20,8
11JUL2020,19,10
11JUL2020,18,18
11JUL2020,17,16
11JUL2020,16,17
11JUL2020,15,10
11JUL2020,14,9
11JUL2020,13,14
11JUL2020,12,12
11JUL2020,11,8
11JUL2020,10,8
11JUL2020,9,5
11JUL2020,8,6
11JUL2020,7,3
11JUL2020,6,2
11JUL2020,4,1
11JUL2020,3,2
11JUL2020,2,8
11JUL2020,1,3
11JUL2020,0,5
10JUL2020,23,10
10JUL2020,22,13
10JUL2020,21,9
10JUL2020,20,20
10JUL2020,19,13
10JUL2020,18,11
10JUL2020,17,19
10JUL2020,16,13
10JUL2020,15,12
10JUL2020,14,15
10JUL2020,13,9
10JUL2020,12,13
10JUL2020,11,13
10JUL2020,10,11
10JUL2020,9,7
10JUL2020,8,3
10JUL2020,7,1
10JUL2020,6,3
10JUL2020,5,4
10JUL2020,4,2
10JUL2020,3,5
10JUL2020,2,1
10JUL2020,1,5
10JUL2020,0,5
09JUL2020,23,9
09JUL2020,22,15
09JUL2020,21,12
09JUL2020,20,14
09JUL2020,19,9
09JUL2020,18,19
09JUL2020,17,9
09JUL2020,16,14
09JUL2020,15,17
09JUL2020,14,9
09JUL2020,13,10
09JUL2020,12,14
09JUL2020,11,12
09JUL2020,10,14
09JUL2020,9,9
09JUL2020,8,2
09JUL2020,5,4
09JUL2020,4,1
09JUL2020,3,3
09JUL2020,2,4
09JUL2020,1,3
09JUL2020,0,11
08JUL2020,23,11
08JUL2020,22,8
08JUL2020,21,20
08JUL2020,20,15
08JUL2020,19,18
08JUL2020,18,14
08JUL2020,17,13
08JUL2020,16,15
08JUL2020,15,22
08JUL2020,14,16
08JUL2020,13,11
08JUL2020,12,14
08JUL2020,11,16
08JUL2020,10,17
08JUL2020,9,5
08JUL2020,8,2
08JUL2020,7,4
08JUL2020,5,1
08JUL2020,4,2
08JUL2020,3,8
08JUL2020,2,2
08JUL2020,1,5
08JUL2020,0,3
07JUL2020,23,4
07JUL2020,22,4
07JUL2020,21,7
07JUL2020,20,13
07JUL2020,19,8
07JUL2020,18,17
07JUL2020,17,12
07JUL2020,16,6
07JUL2020,15,8
07JUL2020,14,14
07JUL2020,13,13
07JUL2020,12,14
07JUL2020,11,10
07JUL2020,10,16
07JUL2020,9,10
07JUL2020,8,2
07JUL2020,7,2
07JUL2020,6,3
07JUL2020,4,1
07JUL2020,3,1
07JUL2020,2,3
07JUL2020,1,2
07JUL2020,0,7
06JUL2020,23,6
06JUL2020,22,7
06JUL2020,21,15
06JUL2020,20,9
06JUL2020,19,16
06JUL2020,18,8
06JUL2020,17,12
06JUL2020,16,5
06JUL2020,15,14
06JUL2020,14,14
06JUL2020,13,15
06JUL2020,12,14
06JUL2020,11,14
06JUL2020,10,8
06JUL2020,9,11
06JUL2020,8,2
06JUL2020,7,5
06JUL2020,6,1
06JUL2020,4,2
06JUL2020,3,2
06JUL2020,2,1
06JUL2020,1,7
06JUL2020,0,4
05JUL2020,23,14
05JUL2020,22,15
05JUL2020,21,7
05JUL2020,20,11
05JUL2020,19,9
05JUL2020,18,8
05JUL2020,17,12
05JUL2020,16,7
05JUL2020,15,11
05JUL2020,14,8
05JUL2020,13,15
05JUL2020,12,13
05JUL2020,11,11
05JUL2020,10,5
05JUL2020,9,1
05JUL2020,8,4
05JUL2020,6,2
05JUL2020,5,2
05JUL2020,3,2
05JUL2020,2,4
05JUL2020,1,5
05JUL2020,0,4
04JUL2020,23,10
04JUL2020,22,13
04JUL2020,21,12
04JUL2020,20,11
04JUL2020,19,20
04JUL2020,18,15
04JUL2020,17,8
04JUL2020,16,9
04JUL2020,15,9
04JUL2020,14,14
04JUL2020,13,12
04JUL2020,12,7
04JUL2020,11,11
04JUL2020,10,5
04JUL2020,9,2
04JUL2020,8,3
04JUL2020,7,2
04JUL2020,6,2
04JUL2020,5,2
04JUL2020,4,2
04JUL2020,3,4
04JUL2020,2,2
04JUL2020,1,7
04JUL2020,0,7
03JUL2020,23,11
03JUL2020,22,5
03JUL2020,21,11
03JUL2020,20,12
03JUL2020,19,8
03JUL2020,18,10
03JUL2020,17,11
03JUL2020,16,15
03JUL2020,15,17
03JUL2020,14,17
03JUL2020,13,22
03JUL2020,12,24
03JUL2020,11,9
03JUL2020,10,16
03JUL2020,9,8
03JUL2020,8,87
02JUL2020,19,9
02JUL2020,18,7
02JUL2020,17,19
02JUL2020,16,15
02JUL2020,15,17
02JUL2020,14,11
02JUL2020,13,17
02JUL2020,12,13
02JUL2020,11,14
02JUL2020,10,8
02JUL2020,9,4
02JUL2020,8,4
02JUL2020,7,4
02JUL2020,6,1
02JUL2020,5,2
02JUL2020,4,1
02JUL2020,3,3
02JUL2020,2,3
02JUL2020,1,11
02JUL2020,0,5
01JUL2020,23,1
01JUL2020,22,9
01JUL2020,21,15
01JUL2020,20,15
01JUL2020,19,13
01JUL2020,18,17
01JUL2020,17,20
01JUL2020,16,18
01JUL2020,15,9
01JUL2020,14,21
01JUL2020,13,14
01JUL2020,12,17
01JUL2020,11,10
01JUL2020,10,5
01JUL2020,9,8
01JUL2020,8,3
01JUL2020,7,1
01JUL2020,6,2
01JUL2020,5,3
01JUL2020,4,1
01JUL2020,2,3
01JUL2020,1,7
01JUL2020,0,11
30JUN2020,23,10
30JUN2020,22,15
30JUN2020,21,12
30JUN2020,20,13
30JUN2020,19,18
30JUN2020,18,12
30JUN2020,17,14
30JUN2020,16,23
30JUN2020,15,18
30JUN2020,14,14
30JUN2020,13,18
30JUN2020,12,23
30JUN2020,11,9
30JUN2020,10,14
30JUN2020,9,7
30JUN2020,8,12
30JUN2020,7,3
30JUN2020,5,3
30JUN2020,3,4
30JUN2020,2,2
30JUN2020,1,9
30JUN2020,0,6
29JUN2020,23,3
29JUN2020,22,13
29JUN2020,21,8
29JUN2020,20,11
29JUN2020,19,23
29JUN2020,18,24
29JUN2020,17,15
29JUN2020,16,16
29JUN2020,15,18
29JUN2020,14,16
29JUN2020,13,19
29JUN2020,12,14
29JUN2020,11,24
29JUN2020,10,12
29JUN2020,9,8
29JUN2020,8,6
29JUN2020,7,4
29JUN2020,6,2
29JUN2020,5,1
29JUN2020,4,2
29JUN2020,3,2
29JUN2020,2,7
29JUN2020,1,4
29JUN2020,0,8
28JUN2020,23,8
28JUN2020,22,11
28JUN2020,21,12
28JUN2020,20,8
28JUN2020,19,13
28JUN2020,18,12
28JUN2020,17,13
28JUN2020,16,17
28JUN2020,15,10
28JUN2020,14,15
28JUN2020,13,13
28JUN2020,12,9
28JUN2020,11,10
28JUN2020,10,5
28JUN2020,9,6
28JUN2020,8,6
28JUN2020,7,1
28JUN2020,6,1
28JUN2020,4,1
28JUN2020,3,1
28JUN2020,2,4
28JUN2020,1,4
28JUN2020,0,9
27JUN2020,23,14
27JUN2020,22,14
27JUN2020,21,21
27JUN2020,20,17
27JUN2020,19,15
27JUN2020,18,16
27JUN2020,17,12
27JUN2020,16,11
27JUN2020,15,18
27JUN2020,14,15
27JUN2020,13,17
27JUN2020,12,16
27JUN2020,11,12
27JUN2020,10,6
27JUN2020,9,10
27JUN2020,8,3
27JUN2020,7,1
27JUN2020,6,2
27JUN2020,5,1
27JUN2020,4,3
27JUN2020,3,3
27JUN2020,1,9
27JUN2020,0,11
26JUN2020,23,14
26JUN2020,22,16
26JUN2020,21,18
26JUN2020,20,12
26JUN2020,19,13
26JUN2020,18,13
26JUN2020,17,23
26JUN2020,16,10
26JUN2020,15,15
26JUN2020,14,16
26JUN2020,13,17
26JUN2020,12,14
26JUN2020,11,15
26JUN2020,10,11
26JUN2020,9,5
26JUN2020,8,8
26JUN2020,7,4
26JUN2020,6,2
26JUN2020,5,1
26JUN2020,4,4
26JUN2020,3,3
26JUN2020,2,5
26JUN2020,1,9
26JUN2020,0,11
25JUN2020,23,7
25JUN2020,22,9
25JUN2020,21,10
25JUN2020,20,18
25JUN2020,19,16
25JUN2020,18,22
25JUN2020,17,20
25JUN2020,16,23
25JUN2020,15,30
25JUN2020,14,23
25JUN2020,13,16
25JUN2020,12,24
25JUN2020,11,18
25JUN2020,10,11
25JUN2020,9,9
25JUN2020,8,5
25JUN2020,7,5
25JUN2020,6,4
25JUN2020,5,4
25JUN2020,4,2
25JUN2020,3,3
25JUN2020,2,4
25JUN2020,1,8
25JUN2020,0,14
24JUN2020,23,19
24JUN2020,22,15
24JUN2020,21,20
24JUN2020,20,16
24JUN2020,19,18
24JUN2020,18,16
24JUN2020,17,18
24JUN2020,16,18
24JUN2020,15,12
24JUN2020,14,33
24JUN2020,13,17
24JUN2020,12,17
24JUN2020,11,16
24JUN2020,10,13
24JUN2020,9,10
24JUN2020,8,7
24JUN2020,7,3
24JUN2020,5,3
24JUN2020,4,2
24JUN2020,3,2
24JUN2020,2,3
24JUN2020,1,4
24JUN2020,0,17
23JUN2020,23,11
23JUN2020,22,15
23JUN2020,21,18
23JUN2020,20,16
23JUN2020,19,16
23JUN2020,18,18
23JUN2020,17,17
23JUN2020,16,15
23JUN2020,15,18
23JUN2020,14,19
23JUN2020,13,23
23JUN2020,12,19
23JUN2020,11,14
23JUN2020,10,13
23JUN2020,9,6
23JUN2020,8,10
23JUN2020,7,2
23JUN2020,5,3
23JUN2020,4,4
23JUN2020,2,3
23JUN2020,1,7
23JUN2020,0,16
22JUN2020,23,17
22JUN2020,22,16
22JUN2020,21,25
22JUN2020,20,19
22JUN2020,19,24
22JUN2020,18,17
22JUN2020,17,14
22JUN2020,16,22
22JUN2020,15,18
22JUN2020,14,16
22JUN2020,13,20
22JUN2020,12,18
22JUN2020,11,14
22JUN2020,10,18
22JUN2020,9,9
22JUN2020,8,5
22JUN2020,6,1
22JUN2020,5,2
22JUN2020,2,8
22JUN2020,1,5
22JUN2020,0,12
21JUN2020,23,13
21JUN2020,22,8
21JUN2020,21,15
21JUN2020,20,15
21JUN2020,19,19
21JUN2020,18,15
21JUN2020,17,12
21JUN2020,16,6
21JUN2020,15,13
21JUN2020,14,10
21JUN2020,13,15
21JUN2020,12,14
21JUN2020,11,12
21JUN2020,10,10
21JUN2020,9,4
21JUN2020,8,5
21JUN2020,7,1
21JUN2020,5,2
21JUN2020,4,2
21JUN2020,3,2
21JUN2020,2,3
21JUN2020,1,7
21JUN2020,0,10
20JUN2020,23,7
20JUN2020,22,13
20JUN2020,21,8
20JUN2020,20,15
20JUN2020,19,12
20JUN2020,18,16
20JUN2020,17,11
20JUN2020,16,15
20JUN2020,15,15
20JUN2020,14,12
20JUN2020,13,13
20JUN2020,12,14
20JUN2020,11,16
20JUN2020,10,12
20JUN2020,9,3
20JUN2020,8,6
20JUN2020,7,5
20JUN2020,6,2
20JUN2020,5,2
20JUN2020,3,7
20JUN2020,2,4
20JUN2020,1,10
20JUN2020,0,18
19JUN2020,23,12
19JUN2020,22,12
19JUN2020,21,18
19JUN2020,20,22
19JUN2020,19,15
19JUN2020,18,15
19JUN2020,17,20
19JUN2020,16,14
19JUN2020,15,23
19JUN2020,14,20
19JUN2020,13,23
19JUN2020,12,17
19JUN2020,11,14
19JUN2020,10,7
19JUN2020,9,9
19JUN2020,8,5
19JUN2020,7,2
19JUN2020,6,5
19JUN2020,5,1
19JUN2020,4,1
19JUN2020,3,6
19JUN2020,2,6
19JUN2020,1,8
19JUN2020,0,11
18JUN2020,23,17
18JUN2020,22,10
18JUN2020,21,15
18JUN2020,20,25
18JUN2020,19,16
18JUN2020,18,11
18JUN2020,17,16
18JUN2020,16,19
18JUN2020,15,26
18JUN2020,14,24
18JUN2020,13,23
18JUN2020,12,20
18JUN2020,11,10
18JUN2020,10,10
18JUN2020,9,5
18JUN2020,8,4
18JUN2020,7,4
18JUN2020,6,2
18JUN2020,5,2
18JUN2020,4,3
18JUN2020,3,3
18JUN2020,2,3
18JUN2020,1,13
18JUN2020,0,10
17JUN2020,23,17
17JUN2020,22,18
17JUN2020,21,23
17JUN2020,20,16
17JUN2020,19,17
17JUN2020,18,19
17JUN2020,17,13
17JUN2020,16,17
17JUN2020,15,18
17JUN2020,14,25
17JUN2020,13,15
17JUN2020,12,19
17JUN2020,11,31
17JUN2020,10,9
17JUN2020,9,15
17JUN2020,8,7
17JUN2020,7,1
17JUN2020,6,1
17JUN2020,5,3
17JUN2020,4,7
17JUN2020,3,2
17JUN2020,2,2
17JUN2020,1,6
17JUN2020,0,14
16JUN2020,23,10
16JUN2020,22,18
16JUN2020,21,12
16JUN2020,20,24
16JUN2020,19,17
16JUN2020,18,20
16JUN2020,17,16
16JUN2020,16,17
16JUN2020,15,20
16JUN2020,14,14
16JUN2020,13,17
16JUN2020,12,16
16JUN2020,11,16
16JUN2020,10,16
16JUN2020,9,9
16JUN2020,8,9
16JUN2020,7,1
16JUN2020,6,2
16JUN2020,5,1
16JUN2020,4,1
16JUN2020,3,1
16JUN2020,2,3
16JUN2020,1,2
16JUN2020,0,12
15JUN2020,23,11
15JUN2020,22,19
15JUN2020,21,19
15JUN2020,20,17
15JUN2020,19,13
15JUN2020,18,17
15JUN2020,17,14
15JUN2020,16,19
15JUN2020,15,14
15JUN2020,14,19
15JUN2020,13,14
15JUN2020,12,14
15JUN2020,11,7
15JUN2020,10,5
15JUN2020,9,6
15JUN2020,8,7
15JUN2020,7,1
15JUN2020,6,3
15JUN2020,5,1
15JUN2020,4,1
15JUN2020,3,2
15JUN2020,2,5
15JUN2020,1,7
15JUN2020,0,5
14JUN2020,23,10
14JUN2020,22,4
14JUN2020,21,12
14JUN2020,20,10
14JUN2020,19,14
14JUN2020,18,15
14JUN2020,17,14
14JUN2020,16,12
14JUN2020,15,14
14JUN2020,14,11
14JUN2020,13,16
14JUN2020,12,4
14JUN2020,11,13
14JUN2020,10,7
14JUN2020,9,2
14JUN2020,8,2
14JUN2020,7,3
14JUN2020,6,2
14JUN2020,5,1
14JUN2020,4,2
14JUN2020,3,2
14JUN2020,1,6
14JUN2020,0,12
13JUN2020,23,12
13JUN2020,22,6
13JUN2020,21,9
13JUN2020,20,16
13JUN2020,19,10
13JUN2020,18,12
13JUN2020,17,12
13JUN2020,16,8
13JUN2020,15,4
13JUN2020,14,12
13JUN2020,13,11
13JUN2020,12,9
13JUN2020,11,11
13JUN2020,10,6
13JUN2020,9,6
13JUN2020,8,3
13JUN2020,5,1
13JUN2020,4,3
13JUN2020,3,5
13JUN2020,2,4
13JUN2020,1,9
13JUN2020,0,8
12JUN2020,23,10
12JUN2020,22,13
12JUN2020,21,18
12JUN2020,20,23
12JUN2020,19,8
12JUN2020,18,14
12JUN2020,17,19
12JUN2020,16,15
12JUN2020,15,13
12JUN2020,14,17
12JUN2020,13,12
12JUN2020,12,10
12JUN2020,11,13
12JUN2020,10,9
12JUN2020,9,5
12JUN2020,8,9
12JUN2020,7,1
12JUN2020,6,2
12JUN2020,5,2
12JUN2020,4,1
12JUN2020,3,3
12JUN2020,2,4
12JUN2020,1,4
12JUN2020,0,7
11JUN2020,23,10
11JUN2020,22,14
11JUN2020,21,11
11JUN2020,20,12
11JUN2020,19,13
11JUN2020,18,13
11JUN2020,17,12
11JUN2020,16,8
11JUN2020,15,14
11JUN2020,14,9
11JUN2020,13,10
11JUN2020,12,14
11JUN2020,11,14
11JUN2020,10,7
11JUN2020,9,7
11JUN2020,8,4
11JUN2020,7,1
11JUN2020,6,2
11JUN2020,5,2
11JUN2020,3,3
11JUN2020,2,3
11JUN2020,1,2
11JUN2020,0,10
10JUN2020,23,12
10JUN2020,22,7
10JUN2020,21,11
10JUN2020,20,14
10JUN2020,19,9
10JUN2020,18,19
10JUN2020,17,9
10JUN2020,16,13
10JUN2020,15,12
10JUN2020,14,11
10JUN2020,13,18
10JUN2020,12,15
10JUN2020,11,11
10JUN2020,10,10
10JUN2020,9,7
10JUN2020,8,7
10JUN2020,7,5
10JUN2020,6,1
10JUN2020,5,1
10JUN2020,4,4
10JUN2020,3,2
10JUN2020,2,7
10JUN2020,1,6
10JUN2020,0,5
09JUN2020,23,12
09JUN2020,22,17
09JUN2020,21,16
09JUN2020,20,12
09JUN2020,19,8
09JUN2020,18,16
09JUN2020,17,15
09JUN2020,16,9
09JUN2020,15,13
09JUN2020,14,10
09JUN2020,13,12
09JUN2020,12,15
09JUN2020,11,8
09JUN2020,10,7
09JUN2020,9,5
09JUN2020,8,5
09JUN2020,7,2
09JUN2020,5,3
09JUN2020,3,2
09JUN2020,2,2
09JUN2020,1,9
09JUN2020,0,4
08JUN2020,23,4
08JUN2020,22,9
08JUN2020,21,15
08JUN2020,20,14
08JUN2020,19,12
08JUN2020,18,9
08JUN2020,17,11
08JUN2020,16,14
08JUN2020,15,4
08JUN2020,14,10
08JUN2020,13,8
08JUN2020,12,20
08JUN2020,11,8
08JUN2020,10,14
08JUN2020,9,11
08JUN2020,8,4
08JUN2020,7,1
08JUN2020,6,2
08JUN2020,5,1
08JUN2020,3,2
08JUN2020,2,6
08JUN2020,1,4
08JUN2020,0,5
07JUN2020,23,7
07JUN2020,22,10
07JUN2020,21,14
07JUN2020,20,5
07JUN2020,19,13
07JUN2020,18,5
07JUN2020,17,11
07JUN2020,16,9
07JUN2020,15,7
07JUN2020,14,7
07JUN2020,13,7
07JUN2020,12,11
07JUN2020,11,6
07JUN2020,10,7
07JUN2020,9,2
07JUN2020,8,1
07JUN2020,7,2
07JUN2020,6,2
07JUN2020,4,1
07JUN2020,3,1
07JUN2020,2,6
07JUN2020,1,5
07JUN2020,0,8
06JUN2020,23,6
06JUN2020,22,12
06JUN2020,21,16
06JUN2020,20,8
06JUN2020,19,12
06JUN2020,18,7
06JUN2020,17,11
06JUN2020,16,10
06JUN2020,15,8
06JUN2020,14,13
06JUN2020,13,7
06JUN2020,12,7
06JUN2020,11,8
06JUN2020,10,4
06JUN2020,9,5
06JUN2020,7,1
06JUN2020,6,1
06JUN2020,4,2
06JUN2020,3,3
06JUN2020,1,8
06JUN2020,0,7
05JUN2020,23,9
05JUN2020,22,5
05JUN2020,21,8
05JUN2020,20,8
05JUN2020,19,32
05JUN2020,18,9
05JUN2020,17,6
05JUN2020,16,3
05JUN2020,15,8
05JUN2020,14,12
05JUN2020,13,7
05JUN2020,12,9
05JUN2020,11,6
05JUN2020,10,10
05JUN2020,8,4
05JUN2020,7,4
05JUN2020,6,1
05JUN2020,5,3
05JUN2020,3,2
05JUN2020,2,1
05JUN2020,1,2
05JUN2020,0,7
04JUN2020,23,7
04JUN2020,22,15
04JUN2020,21,13
04JUN2020,20,16
04JUN2020,19,8
04JUN2020,18,11
04JUN2020,17,10
04JUN2020,16,10
04JUN2020,15,13
04JUN2020,14,17
04JUN2020,13,14
04JUN2020,12,10
04JUN2020,11,3
04JUN2020,10,12
04JUN2020,9,6
04JUN2020,8,3
04JUN2020,7,1
04JUN2020,6,2
04JUN2020,5,3
04JUN2020,4,1
04JUN2020,3,2
04JUN2020,2,4
04JUN2020,1,10
04JUN2020,0,10
03JUN2020,23,6
03JUN2020,22,11
03JUN2020,21,9
03JUN2020,20,13
03JUN2020,19,9
03JUN2020,18,4
03JUN2020,17,9
03JUN2020,16,5
03JUN2020,15,12
03JUN2020,14,6
03JUN2020,13,9
03JUN2020,12,14
03JUN2020,11,12
03JUN2020,10,8
03JUN2020,9,8
03JUN2020,8,3
03JUN2020,7,2
03JUN2020,6,4
03JUN2020,5,1
03JUN2020,4,1
03JUN2020,3,3
03JUN2020,2,5
03JUN2020,1,11
03JUN2020,0,10
02JUN2020,23,12
02JUN2020,22,11
02JUN2020,21,10
02JUN2020,20,17
02JUN2020,19,8
02JUN2020,15,1
02JUN2020,14,7
02JUN2020,13,4
02JUN2020,12,6
02JUN2020,11,7
02JUN2020,10,5
02JUN2020,9,7
02JUN2020,8,1
02JUN2020,7,1
02JUN2020,5,2
02JUN2020,3,1
02JUN2020,2,1
02JUN2020,1,6
02JUN2020,0,3
01JUN2020,23,8
01JUN2020,22,7
01JUN2020,21,11
01JUN2020,20,12
01JUN2020,19,11
01JUN2020,18,9
01JUN2020,17,10
01JUN2020,16,13
01JUN2020,15,10
01JUN2020,14,17
01JUN2020,13,15
01JUN2020,12,10
01JUN2020,11,11
01JUN2020,10,11
01JUN2020,9,6
01JUN2020,8,6
01JUN2020,7,1
01JUN2020,6,1
01JUN2020,5,2
01JUN2020,4,1
01JUN2020,2,7
01JUN2020,1,5
01JUN2020,0,7
31MAY2020,23,5
31MAY2020,22,8
31MAY2020,21,18
31MAY2020,20,9
31MAY2020,19,13
31MAY2020,18,8
31MAY2020,17,7
31MAY2020,16,13
31MAY2020,15,6
31MAY2020,14,8
31MAY2020,13,9
31MAY2020,12,9
31MAY2020,11,6
31MAY2020,10,4
31MAY2020,9,2
31MAY2020,8,1
31MAY2020,7,1
31MAY2020,4,1
31MAY2020,3,2
31MAY2020,2,3
31MAY2020,1,7
31MAY2020,0,2
30MAY2020,23,4
30MAY2020,22,8
30MAY2020,21,6
30MAY2020,20,11
30MAY2020,19,7
30MAY2020,18,5
30MAY2020,17,4
30MAY2020,16,9
30MAY2020,15,7
30MAY2020,14,16
30MAY2020,13,8
30MAY2020,12,6
30MAY2020,11,7
30MAY2020,10,7
30MAY2020,9,7
30MAY2020,8,6
30MAY2020,7,2
30MAY2020,6,1
30MAY2020,4,3
30MAY2020,3,2
30MAY2020,2,6
30MAY2020,1,4
30MAY2020,0,7
29MAY2020,23,10
29MAY2020,22,7
29MAY2020,21,13
29MAY2020,20,17
29MAY2020,19,14
29MAY2020,18,7
29MAY2020,17,9
29MAY2020,16,6
29MAY2020,15,10
29MAY2020,14,17
29MAY2020,13,13
29MAY2020,12,10
29MAY2020,11,6
29MAY2020,10,11
29MAY2020,9,5
29MAY2020,8,1
29MAY2020,7,3
29MAY2020,6,1
29MAY2020,4,1
29MAY2020,2,3
29MAY2020,1,2
29MAY2020,0,12
28MAY2020,23,8
28MAY2020,22,11
28MAY2020,21,11
28MAY2020,20,15
28MAY2020,19,11
28MAY2020,18,10
28MAY2020,17,11
28MAY2020,16,13
28MAY2020,15,17
28MAY2020,14,10
28MAY2020,13,17
28MAY2020,12,12
28MAY2020,11,7
28MAY2020,10,4
28MAY2020,9,8
28MAY2020,8,2
28MAY2020,7,1
28MAY2020,6,2
28MAY2020,5,1
28MAY2020,4,2
28MAY2020,2,2
28MAY2020,1,4
28MAY2020,0,6
27MAY2020,23,12
27MAY2020,22,15
27MAY2020,21,8
27MAY2020,20,17
27MAY2020,19,11
27MAY2020,18,14
27MAY2020,17,11
27MAY2020,16,18
27MAY2020,15,10
27MAY2020,14,11
27MAY2020,13,14
27MAY2020,12,13
27MAY2020,11,18
27MAY2020,10,12
27MAY2020,9,12
27MAY2020,8,6
27MAY2020,7,1
27MAY2020,5,3
27MAY2020,4,1
27MAY2020,3,2
27MAY2020,2,3
27MAY2020,1,10
27MAY2020,0,13
26MAY2020,23,11
26MAY2020,22,14
26MAY2020,21,7
26MAY2020,20,20
26MAY2020,19,17
26MAY2020,18,12
26MAY2020,17,15
26MAY2020,16,16
26MAY2020,15,15
26MAY2020,14,18
26MAY2020,13,23
26MAY2020,12,14
26MAY2020,11,11
26MAY2020,10,12
26MAY2020,9,11
26MAY2020,8,4
26MAY2020,7,1
26MAY2020,6,2
26MAY2020,5,1
26MAY2020,4,1
26MAY2020,3,3
26MAY2020,2,1
26MAY2020,1,2
26MAY2020,0,8
25MAY2020,23,14
25MAY2020,22,10
25MAY2020,21,11
25MAY2020,20,11
25MAY2020,19,19
25MAY2020,18,10
25MAY2020,17,8
25MAY2020,16,11
25MAY2020,15,8
25MAY2020,14,12
25MAY2020,13,21
25MAY2020,12,15
25MAY2020,11,14
25MAY2020,10,12
25MAY2020,9,6
25MAY2020,8,5
25MAY2020,5,4
25MAY2020,3,3
25MAY2020,2,6
25MAY2020,1,4
25MAY2020,0,11
24MAY2020,23,11
24MAY2020,22,19
24MAY2020,21,11
24MAY2020,20,9
24MAY2020,19,13
24MAY2020,18,12
24MAY2020,17,6
24MAY2020,16,10
24MAY2020,15,8
24MAY2020,14,11
24MAY2020,13,10
24MAY2020,12,11
24MAY2020,11,7
24MAY2020,10,12
24MAY2020,9,5
24MAY2020,7,3
24MAY2020,6,1
24MAY2020,5,4
24MAY2020,3,2
24MAY2020,2,3
24MAY2020,1,8
24MAY2020,0,8
23MAY2020,23,13
23MAY2020,22,16
23MAY2020,21,16
23MAY2020,20,9
23MAY2020,19,11
23MAY2020,18,14
23MAY2020,17,9
23MAY2020,16,12
23MAY2020,15,12
23MAY2020,14,8
23MAY2020,13,8
23MAY2020,12,5
23MAY2020,11,12
23MAY2020,10,9
23MAY2020,9,5
23MAY2020,8,7
23MAY2020,7,2
23MAY2020,6,4
23MAY2020,4,2
23MAY2020,3,1
23MAY2020,2,1
23MAY2020,1,7
23MAY2020,0,15
22MAY2020,23,5
22MAY2020,22,5
22MAY2020,21,9
22MAY2020,20,10
22MAY2020,19,3
22MAY2020,18,6
22MAY2020,17,12
22MAY2020,16,7
22MAY2020,15,6
22MAY2020,14,6
22MAY2020,13,9
22MAY2020,12,12
22MAY2020,11,12
22MAY2020,10,14
22MAY2020,9,9
22MAY2020,8,5
22MAY2020,7,3
22MAY2020,6,3
22MAY2020,5,1
22MAY2020,4,3
22MAY2020,3,2
22MAY2020,2,4
22MAY2020,1,9
22MAY2020,0,9
21MAY2020,23,12
21MAY2020,22,15
21MAY2020,21,14
21MAY2020,20,15
21MAY2020,19,11
21MAY2020,18,11
21MAY2020,17,15
21MAY2020,16,15
21MAY2020,15,15
21MAY2020,14,23
21MAY2020,13,16
21MAY2020,12,15
21MAY2020,11,12
21MAY2020,10,10
21MAY2020,9,5
21MAY2020,8,2
21MAY2020,7,4
21MAY2020,6,3
21MAY2020,5,2
21MAY2020,4,2
21MAY2020,3,5
21MAY2020,2,3
21MAY2020,1,9
21MAY2020,0,11
20MAY2020,23,7
20MAY2020,22,12
20MAY2020,21,8
20MAY2020,20,13
20MAY2020,19,9
20MAY2020,18,16
20MAY2020,17,13
20MAY2020,16,14
20MAY2020,15,19
20MAY2020,14,6
20MAY2020,13,11
20MAY2020,12,9
20MAY2020,11,13
20MAY2020,10,7
20MAY2020,9,11
20MAY2020,8,6
20MAY2020,7,1
20MAY2020,6,3
20MAY2020,5,3
20MAY2020,4,2
20MAY2020,3,5
20MAY2020,2,6
20MAY2020,1,9
20MAY2020,0,10
19MAY2020,23,17
19MAY2020,22,21
19MAY2020,21,24
19MAY2020,20,24
19MAY2020,19,36
19MAY2020,18,27
19MAY2020,17,19
19MAY2020,16,32
19MAY2020,15,40
19MAY2020,14,26
19MAY2020,13,34
19MAY2020,12,29
19MAY2020,11,28
19MAY2020,10,26
19MAY2020,9,17
19MAY2020,8,4
19MAY2020,7,3
19MAY2020,6,1
19MAY2020,5,5
19MAY2020,4,1
19MAY2020,3,3
19MAY2020,2,6
19MAY2020,1,13
19MAY2020,0,13
18MAY2020,23,9
18MAY2020,22,13
18MAY2020,21,20
18MAY2020,20,29
18MAY2020,19,23
18MAY2020,18,29
18MAY2020,17,20
18MAY2020,16,32
18MAY2020,15,36
18MAY2020,14,24
18MAY2020,13,27
18MAY2020,12,18
18MAY2020,11,22
18MAY2020,10,17
18MAY2020,9,15
18MAY2020,8,4
18MAY2020,7,7
18MAY2020,6,4
18MAY2020,5,3
18MAY2020,4,6
18MAY2020,3,5
18MAY2020,2,11
18MAY2020,1,6
18MAY2020,0,17
17MAY2020,23,14
17MAY2020,22,23
17MAY2020,21,13
17MAY2020,20,19
17MAY2020,19,14
17MAY2020,18,14
17MAY2020,17,12
17MAY2020,16,20
17MAY2020,15,11
17MAY2020,14,16
17MAY2020,13,12
17MAY2020,12,13
17MAY2020,11,13
17MAY2020,10,7
17MAY2020,9,7
17MAY2020,8,1
17MAY2020,7,3
17MAY2020,6,4
17MAY2020,4,6
17MAY2020,3,9
17MAY2020,2,3
17MAY2020,1,11
17MAY2020,0,13
16MAY2020,23,13
16MAY2020,22,13
16MAY2020,21,17
16MAY2020,20,20
16MAY2020,19,17
16MAY2020,18,20
16MAY2020,17,16
16MAY2020,16,19
16MAY2020,15,15
16MAY2020,14,14
16MAY2020,13,10
16MAY2020,12,9
16MAY2020,11,8
16MAY2020,10,7
16MAY2020,9,8
16MAY2020,8,6
16MAY2020,7,1
16MAY2020,6,2
16MAY2020,5,3
16MAY2020,4,2
16MAY2020,3,1
16MAY2020,2,5
16MAY2020,1,2
16MAY2020,0,7
15MAY2020,23,11
15MAY2020,22,10
15MAY2020,21,20
15MAY2020,20,25
15MAY2020,19,19
15MAY2020,18,22
15MAY2020,17,27
15MAY2020,16,26
15MAY2020,15,22
15MAY2020,14,16
15MAY2020,13,23
15MAY2020,12,5
15MAY2020,11,10
15MAY2020,10,10
15MAY2020,9,10
15MAY2020,8,6
15MAY2020,7,5
15MAY2020,6,1
15MAY2020,5,3
15MAY2020,4,5
15MAY2020,3,4
15MAY2020,2,8
15MAY2020,1,5
15MAY2020,0,16
14MAY2020,23,17
14MAY2020,22,26
14MAY2020,21,22
14MAY2020,20,16
14MAY2020,19,22
14MAY2020,18,22
14MAY2020,17,22
14MAY2020,16,17
14MAY2020,15,26
14MAY2020,14,20
14MAY2020,13,31
14MAY2020,12,23
14MAY2020,11,21
14MAY2020,10,10
14MAY2020,9,11
14MAY2020,8,9
14MAY2020,7,3
14MAY2020,6,2
14MAY2020,5,1
14MAY2020,4,4
14MAY2020,3,2
14MAY2020,2,4
14MAY2020,1,8
14MAY2020,0,8
13MAY2020,23,11
13MAY2020,22,23
13MAY2020,21,24
13MAY2020,20,20
13MAY2020,19,29
13MAY2020,18,22
13MAY2020,17,28
13MAY2020,16,27
13MAY2020,15,26
13MAY2020,14,23
13MAY2020,13,19
13MAY2020,12,12
13MAY2020,11,19
13MAY2020,10,19
13MAY2020,9,9
13MAY2020,8,10
13MAY2020,7,2
13MAY2020,6,1
13MAY2020,5,3
13MAY2020,4,1
13MAY2020,3,2
13MAY2020,2,8
13MAY2020,1,12
13MAY2020,0,16
12MAY2020,23,15
12MAY2020,22,13
12MAY2020,21,26
12MAY2020,20,19
12MAY2020,19,28
12MAY2020,18,32
12MAY2020,17,28
12MAY2020,16,21
12MAY2020,15,25
12MAY2020,14,20
12MAY2020,13,18
12MAY2020,12,17
12MAY2020,11,25
12MAY2020,10,12
12MAY2020,9,10
12MAY2020,8,11
12MAY2020,7,4
12MAY2020,6,6
12MAY2020,5,4
12MAY2020,4,3
12MAY2020,3,3
12MAY2020,2,7
12MAY2020,1,6
12MAY2020,0,13
11MAY2020,23,19
11MAY2020,22,13
11MAY2020,21,13
11MAY2020,20,16
11MAY2020,19,26
11MAY2020,18,15
11MAY2020,17,21
11MAY2020,16,22
11MAY2020,15,37
11MAY2020,14,21
11MAY2020,13,27
11MAY2020,12,17
11MAY2020,11,25
11MAY2020,10,13
11MAY2020,9,9
11MAY2020,8,9
11MAY2020,7,6
11MAY2020,6,7
11MAY2020,4,3
11MAY2020,3,7
11MAY2020,2,7
11MAY2020,1,4
11MAY2020,0,18
10MAY2020,23,17
10MAY2020,22,14
10MAY2020,21,14
10MAY2020,20,19
10MAY2020,19,12
10MAY2020,18,18
10MAY2020,17,17
10MAY2020,16,15
10MAY2020,15,7
10MAY2020,14,8
10MAY2020,13,16
10MAY2020,12,13
10MAY2020,11,2
10MAY2020,10,7
10MAY2020,9,1
10MAY2020,8,5
10MAY2020,7,1
10MAY2020,6,1
10MAY2020,5,3
10MAY2020,4,1
10MAY2020,3,6
10MAY2020,2,8
10MAY2020,1,12
10MAY2020,0,6
09MAY2020,23,9
09MAY2020,22,16
09MAY2020,21,14
09MAY2020,20,14
09MAY2020,19,26
09MAY2020,18,14
09MAY2020,17,19
09MAY2020,16,13
09MAY2020,15,10
09MAY2020,14,17
09MAY2020,13,10
09MAY2020,12,13
09MAY2020,11,14
09MAY2020,10,7
09MAY2020,9,4
09MAY2020,8,3
09MAY2020,7,3
09MAY2020,6,5
09MAY2020,5,2
09MAY2020,4,3
09MAY2020,3,3
09MAY2020,2,9
09MAY2020,1,6
09MAY2020,0,16
08MAY2020,23,23
08MAY2020,22,16
08MAY2020,21,18
08MAY2020,20,24
08MAY2020,19,15
08MAY2020,18,19
08MAY2020,17,20
08MAY2020,16,19
08MAY2020,15,13
08MAY2020,14,20
08MAY2020,13,10
08MAY2020,12,20
08MAY2020,11,14
08MAY2020,10,16
08MAY2020,9,12
08MAY2020,8,6
08MAY2020,7,4
08MAY2020,6,1
08MAY2020,5,3
08MAY2020,4,1
08MAY2020,2,2
08MAY2020,1,8
08MAY2020,0,18
07MAY2020,23,11
07MAY2020,22,12
07MAY2020,21,22
07MAY2020,20,18
07MAY2020,19,12
07MAY2020,18,30
07MAY2020,17,12
07MAY2020,16,13
07MAY2020,15,32
07MAY2020,14,21
07MAY2020,13,16
07MAY2020,12,14
07MAY2020,11,15
07MAY2020,10,8
07MAY2020,9,9
07MAY2020,8,3
07MAY2020,7,2
07MAY2020,6,3
07MAY2020,5,2
07MAY2020,4,3
07MAY2020,3,4
07MAY2020,2,5
07MAY2020,1,10
07MAY2020,0,13
06MAY2020,23,8
06MAY2020,22,12
06MAY2020,21,13
06MAY2020,20,16
06MAY2020,19,21
06MAY2020,18,15
06MAY2020,17,25
06MAY2020,16,13
06MAY2020,15,23
06MAY2020,14,20
06MAY2020,13,19
06MAY2020,12,10
06MAY2020,11,16
06MAY2020,10,13
06MAY2020,9,6
06MAY2020,8,7
06MAY2020,7,2
06MAY2020,6,2
06MAY2020,5,2
06MAY2020,4,1
06MAY2020,3,5
06MAY2020,2,3
06MAY2020,1,7
06MAY2020,0,10
05MAY2020,23,10
05MAY2020,22,7
05MAY2020,21,23
05MAY2020,20,17
05MAY2020,19,17
05MAY2020,18,16
05MAY2020,17,20
05MAY2020,16,20
05MAY2020,15,22
05MAY2020,14,15
05MAY2020,13,14
05MAY2020,12,11
05MAY2020,11,19
05MAY2020,10,10
05MAY2020,9,6
05MAY2020,8,5
05MAY2020,7,3
05MAY2020,6,1
05MAY2020,5,2
05MAY2020,3,4
05MAY2020,2,6
05MAY2020,1,9
05MAY2020,0,8
04MAY2020,23,10
04MAY2020,22,19
04MAY2020,21,28
04MAY2020,20,13
04MAY2020,19,15
04MAY2020,18,17
04MAY2020,17,24
04MAY2020,16,29
04MAY2020,15,18
04MAY2020,14,17
04MAY2020,13,17
04MAY2020,12,12
04MAY2020,11,23
04MAY2020,10,19
04MAY2020,9,7
04MAY2020,8,7
04MAY2020,7,3
04MAY2020,6,2
04MAY2020,5,4
04MAY2020,4,3
04MAY2020,3,1
04MAY2020,2,8
04MAY2020,1,1
04MAY2020,0,1
03MAY2020,23,2
03MAY2020,22,15
03MAY2020,21,12
03MAY2020,20,19
03MAY2020,19,2
03MAY2020,18,1
03MAY2020,17,1
03MAY2020,16,1
03MAY2020,15,2
03MAY2020,14,16
03MAY2020,13,17
03MAY2020,12,15
03MAY2020,11,1
03MAY2020,10,3
03MAY2020,9,2
03MAY2020,8,1
03MAY2020,7,4
03MAY2020,6,2
03MAY2020,5,1
03MAY2020,4,2
03MAY2020,3,6
03MAY2020,2,3
03MAY2020,1,1
03MAY2020,0,9
02MAY2020,23,1
02MAY2020,22,1
02MAY2020,21,2
02MAY2020,20,1
02MAY2020,19,12
02MAY2020,18,1
02MAY2020,17,12
02MAY2020,16,15
02MAY2020,15,17
02MAY2020,14,17
02MAY2020,13,1
02MAY2020,12,12
02MAY2020,11,12
02MAY2020,10,2
02MAY2020,9,1
02MAY2020,8,4
02MAY2020,7,3
02MAY2020,6,4
02MAY2020,5,3
02MAY2020,4,1
02MAY2020,3,1
02MAY2020,2,1
02MAY2020,1,1
02MAY2020,0,3
01MAY2020,23,5
01MAY2020,22,1
01MAY2020,21,1
01MAY2020,20,2
01MAY2020,19,17
01MAY2020,18,15
01MAY2020,17,9
01MAY2020,16,1
01MAY2020,15,13
01MAY2020,14,16
01MAY2020,13,1
01MAY2020,12,2
01MAY2020,11,11
01MAY2020,10,1
01MAY2020,9,5
01MAY2020,8,3
01MAY2020,7,1
01MAY2020,6,2
01MAY2020,5,1
01MAY2020,4,1
01MAY2020,3,1
01MAY2020,2,13
01MAY2020,1,1
01MAY2020,0,4
30APR2020,23,7
30APR2020,22,16
30APR2020,21,2
30APR2020,20,3
30APR2020,19,19
30APR2020,18,17
30APR2020,17,1
30APR2020,16,1
30APR2020,15,1
30APR2020,14,3
30APR2020,13,21
30APR2020,12,21
30APR2020,11,15
30APR2020,10,10
30APR2020,9,1
30APR2020,8,1
30APR2020,7,3
30APR2020,6,3
30APR2020,5,4
30APR2020,4,2
30APR2020,3,1
30APR2020,2,9
30APR2020,1,2
30APR2020,0,7
29APR2020,23,12
29APR2020,22,2
29APR2020,21,14
29APR2020,20,1
29APR2020,19,1
29APR2020,18,22
29APR2020,17,24
29APR2020,16,1
29APR2020,15,17
29APR2020,14,3
29APR2020,13,28
29APR2020,12,1
29APR2020,11,22
29APR2020,10,14
29APR2020,9,10
29APR2020,8,10
29APR2020,7,7
29APR2020,5,1
29APR2020,4,4
29APR2020,3,7
29APR2020,2,1
29APR2020,1,1
29APR2020,0,14
28APR2020,23,16
28APR2020,22,4
28APR2020,21,19
28APR2020,20,3
28APR2020,19,2
28APR2020,18,2
28APR2020,17,2
28APR2020,16,5
28APR2020,15,32
28APR2020,14,1
28APR2020,13,16
28APR2020,12,17
28APR2020,11,1
28APR2020,10,1
28APR2020,9,1
28APR2020,8,7
28APR2020,7,3
28APR2020,6,2
28APR2020,5,1
28APR2020,4,2
28APR2020,3,5
28APR2020,2,9
28APR2020,1,1
28APR2020,0,1
27APR2020,23,16
27APR2020,22,2
27APR2020,21,23
27APR2020,20,19
27APR2020,19,18
27APR2020,18,29
27APR2020,17,33
27APR2020,16,24
27APR2020,15,44
27APR2020,14,40
27APR2020,13,22
27APR2020,12,26
27APR2020,11,22
27APR2020,10,23
27APR2020,9,10
27APR2020,8,4
27APR2020,7,7
27APR2020,6,5
27APR2020,5,4
27APR2020,4,2
27APR2020,3,12
27APR2020,2,7
27APR2020,1,9
27APR2020,0,15
26APR2020,23,22
26APR2020,22,18
26APR2020,21,15
26APR2020,20,18
26APR2020,19,29
26APR2020,18,22
26APR2020,17,31
26APR2020,16,15
26APR2020,15,22
26APR2020,14,17
26APR2020,13,17
26APR2020,12,16
26APR2020,11,19
26APR2020,10,5
26APR2020,9,4
26APR2020,8,6
26APR2020,7,3
26APR2020,6,5
26APR2020,5,1
26APR2020,4,6
26APR2020,3,4
26APR2020,2,6
26APR2020,1,16
26APR2020,0,12
25APR2020,23,14
25APR2020,22,24
25APR2020,21,21
25APR2020,20,24
25APR2020,19,21
25APR2020,18,26
25APR2020,17,17
25APR2020,16,23
25APR2020,15,16
25APR2020,14,14
25APR2020,13,25
25APR2020,12,23
25APR2020,11,18
25APR2020,10,14
25APR2020,9,10
25APR2020,8,7
25APR2020,7,5
25APR2020,6,1
25APR2020,5,6
25APR2020,4,7
25APR2020,3,4
25APR2020,2,13
25APR2020,1,9
25APR2020,0,19
24APR2020,23,18
24APR2020,22,19
24APR2020,21,31
24APR2020,20,19
24APR2020,19,25
24APR2020,18,27
24APR2020,17,27
24APR2020,16,14
24APR2020,15,23
24APR2020,14,22
24APR2020,13,20
24APR2020,12,23
24APR2020,11,24
24APR2020,10,20
24APR2020,9,15
24APR2020,8,7
24APR2020,7,5
24APR2020,5,4
24APR2020,4,4
24APR2020,3,5
24APR2020,2,11
24APR2020,1,10
24APR2020,0,13
23APR2020,23,21
23APR2020,22,21
23APR2020,21,24
23APR2020,20,26
23APR2020,19,34
23APR2020,18,18
23APR2020,17,30
23APR2020,16,37
23APR2020,15,26
23APR2020,14,26
23APR2020,13,26
23APR2020,12,30
23APR2020,11,27
23APR2020,10,19
23APR2020,9,18
23APR2020,8,4
23APR2020,7,5
23APR2020,6,3
23APR2020,5,5
23APR2020,4,3
23APR2020,3,7
23APR2020,2,7
23APR2020,1,13
23APR2020,0,10
22APR2020,23,20
22APR2020,22,21
22APR2020,21,18
22APR2020,20,30
22APR2020,19,32
22APR2020,18,18
22APR2020,17,25
22APR2020,16,40
22APR2020,15,27
22APR2020,14,14
22APR2020,13,29
22APR2020,12,29
22APR2020,11,28
22APR2020,10,20
22APR2020,9,7
22APR2020,8,13
22APR2020,7,8
22APR2020,6,5
22APR2020,5,3
22APR2020,4,5
22APR2020,3,6
22APR2020,2,7
22APR2020,1,11
22APR2020,0,16
21APR2020,23,22
21APR2020,22,17
21APR2020,21,36
21APR2020,20,25
21APR2020,19,28
21APR2020,18,29
21APR2020,17,30
21APR2020,16,18
21APR2020,15,34
21APR2020,14,5
20APR2020,22,1
20APR2020,20,1
20APR2020,19,1
20APR2020,18,1
20APR2020,17,1
20APR2020,16,1
19APR2020,22,5
19APR2020,21,26
19APR2020,20,32
19APR2020,19,29
19APR2020,18,23
19APR2020,17,30
19APR2020,16,32
19APR2020,15,22
19APR2020,14,29
19APR2020,13,25
19APR2020,12,21
19APR2020,11,21
19APR2020,10,13
19APR2020,9,9
19APR2020,8,9
19APR2020,7,4
19APR2020,6,1
19APR2020,5,3
19APR2020,4,5
19APR2020,3,7
19APR2020,2,7
19APR2020,1,14
19APR2020,0,20
18APR2020,23,17
18APR2020,22,17
18APR2020,21,26
18APR2020,20,29
18APR2020,19,31
18APR2020,18,31
18APR2020,17,35
18APR2020,16,26
18APR2020,15,26
18APR2020,14,27
18APR2020,13,15
18APR2020,12,21
18APR2020,11,17
18APR2020,10,23
18APR2020,9,13
18APR2020,8,9
18APR2020,7,9
18APR2020,6,4
18APR2020,5,3
18APR2020,4,8
18APR2020,3,8
18APR2020,2,10
18APR2020,1,15
18APR2020,0,21
17APR2020,23,22
17APR2020,22,26
17APR2020,21,36
17APR2020,20,33
17APR2020,19,36
17APR2020,18,44
17APR2020,17,35
17APR2020,16,39
17APR2020,15,39
17APR2020,14,40
17APR2020,13,37
17APR2020,12,30
17APR2020,11,27
17APR2020,10,27
17APR2020,9,18
17APR2020,8,10
17APR2020,7,12
17APR2020,6,2
17APR2020,5,8
17APR2020,4,4
17APR2020,3,4
17APR2020,2,5
17APR2020,1,10
17APR2020,0,21
16APR2020,23,30
16APR2020,22,23
16APR2020,21,29
16APR2020,20,40
16APR2020,19,43
16APR2020,18,40
16APR2020,17,41
16APR2020,16,35
16APR2020,15,32
16APR2020,14,46
16APR2020,13,42
16APR2020,12,42
16APR2020,11,25
16APR2020,10,25
16APR2020,9,20
16APR2020,8,9
16APR2020,7,7
16APR2020,6,4
16APR2020,5,7
16APR2020,4,9
16APR2020,3,6
16APR2020,2,8
16APR2020,1,13
16APR2020,0,24
15APR2020,23,24
15APR2020,22,19
15APR2020,21,29
15APR2020,20,33
15APR2020,19,29
15APR2020,18,35
15APR2020,17,49
15APR2020,16,32
15APR2020,15,20
15APR2020,14,11
15APR2020,13,13
15APR2020,12,18
15APR2020,11,15
15APR2020,10,12
15APR2020,9,3
15APR2020,8,5
15APR2020,7,5
15APR2020,6,3
15APR2020,5,1
15APR2020,4,1
15APR2020,3,4
15APR2020,2,8
15APR2020,1,7
15APR2020,0,14
14APR2020,23,11
14APR2020,22,12
14APR2020,21,22
14APR2020,20,32
14APR2020,19,43
14APR2020,18,50
14APR2020,17,33
14APR2020,16,41
14APR2020,15,33
14APR2020,14,49
14APR2020,13,31
14APR2020,12,26
14APR2020,11,32
14APR2020,10,33
14APR2020,9,14
14APR2020,8,2
14APR2020,7,4
14APR2020,6,6
14APR2020,4,2
14APR2020,3,11
14APR2020,2,15
14APR2020,1,10
13APR2020,23,2
13APR2020,22,32
13APR2020,21,47
13APR2020,20,26
13APR2020,19,37
13APR2020,18,43
13APR2020,17,52
13APR2020,16,45
13APR2020,15,49
13APR2020,14,45
13APR2020,13,47
13APR2020,12,48
13APR2020,11,38
13APR2020,10,37
13APR2020,9,22
13APR2020,8,12
13APR2020,7,1
13APR2020,6,2
13APR2020,5,5
13APR2020,4,8
13APR2020,3,12
13APR2020,2,15
13APR2020,1,22
13APR2020,0,22
12APR2020,23,32
12APR2020,22,36
12APR2020,21,46
12APR2020,20,44
12APR2020,19,36
12APR2020,18,32
12APR2020,17,26
12APR2020,16,27
12APR2020,15,21
12APR2020,14,20
12APR2020,13,19
12APR2020,12,29
12APR2020,11,25
12APR2020,10,15
12APR2020,9,10
12APR2020,8,13
12APR2020,7,5
12APR2020,6,2
12APR2020,5,4
12APR2020,4,11
12APR2020,3,15
12APR2020,2,18
12APR2020,1,22
12APR2020,0,18
11APR2020,23,24
11APR2020,22,31
11APR2020,21,39
11APR2020,20,36
11APR2020,19,42
11APR2020,18,34
11APR2020,17,44
11APR2020,16,29
11APR2020,15,36
11APR2020,14,32
11APR2020,13,26
11APR2020,12,32
11APR2020,11,13
11APR2020,10,17
11APR2020,9,14
11APR2020,8,12
11APR2020,7,7
11APR2020,6,6
11APR2020,5,12
11APR2020,4,13
11APR2020,3,8
11APR2020,2,13
11APR2020,1,23
11APR2020,0,27
10APR2020,23,27
10APR2020,22,36
10APR2020,21,27
10APR2020,20,42
10APR2020,19,38
10APR2020,18,50
10APR2020,17,47
10APR2020,16,38
10APR2020,15,33
10APR2020,14,54
10APR2020,13,28
10APR2020,12,31
10APR2020,11,27
10APR2020,10,27
10APR2020,9,13
10APR2020,8,11
10APR2020,7,8
10APR2020,6,5
10APR2020,5,7
10APR2020,4,6
10APR2020,3,11
10APR2020,2,17
10APR2020,1,21
10APR2020,0,28
09APR2020,23,29
09APR2020,22,28
09APR2020,21,47
09APR2020,20,49
09APR2020,19,50
09APR2020,18,47
09APR2020,17,47
09APR2020,16,46
09APR2020,15,45
09APR2020,14,41
09APR2020,13,38
09APR2020,12,30
09APR2020,11,38
09APR2020,10,23
09APR2020,9,19
09APR2020,8,10
09APR2020,7,4
09APR2020,6,7
09APR2020,5,5
09APR2020,4,8
09APR2020,3,6
09APR2020,2,9
09APR2020,1,18
09APR2020,0,22
08APR2020,23,39
08APR2020,22,43
08APR2020,21,51
08APR2020,20,47
08APR2020,19,56
08APR2020,18,49
08APR2020,17,58
08APR2020,16,66
08APR2020,15,53
08APR2020,14,50
08APR2020,13,58
08APR2020,12,37
08APR2020,11,50
08APR2020,10,43
08APR2020,9,27
08APR2020,8,24
08APR2020,7,8
08APR2020,6,11
08APR2020,4,7
08APR2020,3,9
08APR2020,2,21
08APR2020,1,14
08APR2020,0,26
07APR2020,23,26
07APR2020,22,41
07APR2020,21,68
07APR2020,20,53
07APR2020,19,52
07APR2020,18,57
07APR2020,17,65
07APR2020,16,77
07APR2020,15,54
07APR2020,14,58
07APR2020,13,51
07APR2020,12,47
07APR2020,11,47
07APR2020,10,30
07APR2020,9,34
07APR2020,8,20
07APR2020,7,8
07APR2020,6,10
07APR2020,5,6
07APR2020,4,7
07APR2020,3,14
07APR2020,2,13
07APR2020,1,33
07APR2020,0,33
06APR2020,23,43
06APR2020,22,29
06APR2020,21,66
06APR2020,20,53
06APR2020,19,74
06APR2020,18,60
06APR2020,17,71
06APR2020,16,58
06APR2020,15,57
06APR2020,14,48
06APR2020,13,59
06APR2020,12,59
06APR2020,11,46
06APR2020,10,47
06APR2020,9,28
06APR2020,8,14
06APR2020,7,12
06APR2020,6,6
06APR2020,5,7
06APR2020,4,5
06APR2020,3,18
06APR2020,2,18
06APR2020,1,27
06APR2020,0,32
05APR2020,23,45
05APR2020,22,38
05APR2020,21,48
05APR2020,20,59
05APR2020,19,58
05APR2020,18,42
05APR2020,17,48
05APR2020,16,37
05APR2020,15,36
05APR2020,14,50
05APR2020,13,43
05APR2020,12,39
05APR2020,11,38
05APR2020,10,28
05APR2020,9,21
05APR2020,8,9
05APR2020,7,8
05APR2020,6,8
05APR2020,5,7
05APR2020,4,7
05APR2020,3,20
05APR2020,2,15
05APR2020,1,21
05APR2020,0,34
04APR2020,23,37
04APR2020,22,45
04APR2020,21,47
04APR2020,20,60
04APR2020,19,47
04APR2020,18,61
04APR2020,17,38
04APR2020,16,59
04APR2020,15,52
04APR2020,14,57
04APR2020,13,40
04APR2020,12,36
04APR2020,11,26
04APR2020,10,24
04APR2020,9,11
04APR2020,8,18
04APR2020,7,7
04APR2020,6,9
04APR2020,5,12
04APR2020,4,10
04APR2020,3,14
04APR2020,2,15
04APR2020,1,17
04APR2020,0,40
03APR2020,23,46
03APR2020,22,55
03APR2020,21,56
03APR2020,20,57
03APR2020,19,69
03APR2020,18,71
03APR2020,17,48
03APR2020,16,65
03APR2020,15,68
03APR2020,14,44
03APR2020,13,53
03APR2020,12,77
03APR2020,11,56
03APR2020,10,38
03APR2020,9,29
03APR2020,8,19
03APR2020,7,16
03APR2020,6,8
03APR2020,5,12
03APR2020,4,23
03APR2020,3,18
03APR2020,2,18
03APR2020,1,37
03APR2020,0,46
02APR2020,23,56
02APR2020,22,69
02APR2020,21,75
02APR2020,20,90
02APR2020,19,77
02APR2020,18,76
02APR2020,17,90
02APR2020,16,71
02APR2020,15,81
02APR2020,14,69
02APR2020,13,57
02APR2020,12,64
02APR2020,11,59
02APR2020,10,51
02APR2020,9,38
02APR2020,8,21
02APR2020,7,7
02APR2020,6,14
02APR2020,5,13
02APR2020,4,14
02APR2020,3,30
02APR2020,2,25
02APR2020,1,44
02APR2020,0,49
01APR2020,23,61
01APR2020,22,55
01APR2020,21,77
01APR2020,20,73
01APR2020,19,81
01APR2020,18,92
01APR2020,17,66
01APR2020,16,93
01APR2020,15,72
01APR2020,14,85
01APR2020,13,83
01APR2020,12,79
01APR2020,11,78
01APR2020,10,62
01APR2020,9,43
01APR2020,8,21
01APR2020,7,17
01APR2020,6,10
01APR2020,5,5
01APR2020,4,14
01APR2020,3,14
01APR2020,2,30
01APR2020,1,32
01APR2020,0,46
31MAR2020,23,46
31MAR2020,22,57
31MAR2020,21,83
31MAR2020,20,84
31MAR2020,19,70
31MAR2020,18,86
31MAR2020,17,63
31MAR2020,16,63
31MAR2020,15,60
31MAR2020,14,58
31MAR2020,13,47
31MAR2020,12,67
31MAR2020,11,54
31MAR2020,10,45
31MAR2020,9,29
31MAR2020,8,27
31MAR2020,7,8
31MAR2020,6,7
31MAR2020,5,13
31MAR2020,4,13
31MAR2020,3,20
31MAR2020,2,19
31MAR2020,1,29
31MAR2020,0,51
30MAR2020,23,44
30MAR2020,22,56
30MAR2020,21,77
30MAR2020,20,61
30MAR2020,19,55
30MAR2020,18,64
30MAR2020,17,72
30MAR2020,16,74
30MAR2020,15,85
30MAR2020,14,78
30MAR2020,13,65
30MAR2020,12,71
30MAR2020,11,55
30MAR2020,10,50
30MAR2020,9,32
30MAR2020,8,22
30MAR2020,7,7
30MAR2020,6,7
30MAR2020,5,13
30MAR2020,4,14
30MAR2020,3,15
30MAR2020,2,21
30MAR2020,1,31
30MAR2020,0,41
29MAR2020,23,65
29MAR2020,22,53
29MAR2020,21,72
29MAR2020,20,71
29MAR2020,19,70
29MAR2020,18,50
29MAR2020,17,56
29MAR2020,16,59
29MAR2020,15,58
29MAR2020,14,57
29MAR2020,13,58
29MAR2020,12,55
29MAR2020,11,40
29MAR2020,10,39
29MAR2020,9,24
29MAR2020,8,14
29MAR2020,7,7
29MAR2020,6,9
29MAR2020,5,9
29MAR2020,4,8
29MAR2020,3,8
29MAR2020,2,31
29MAR2020,1,28
29MAR2020,0,43
28MAR2020,23,55
28MAR2020,22,61
28MAR2020,21,69
28MAR2020,20,57
28MAR2020,19,78
28MAR2020,18,72
28MAR2020,17,66
28MAR2020,16,66
28MAR2020,15,56
28MAR2020,14,69
28MAR2020,13,59
28MAR2020,12,60
28MAR2020,11,57
28MAR2020,10,56
28MAR2020,9,24
28MAR2020,8,26
28MAR2020,7,8
28MAR2020,6,12
28MAR2020,5,8
28MAR2020,4,11
28MAR2020,3,21
28MAR2020,2,29
28MAR2020,1,43
28MAR2020,0,76
27MAR2020,23,61
27MAR2020,22,70
27MAR2020,21,85
27MAR2020,20,100
27MAR2020,19,83
27MAR2020,18,88
27MAR2020,17,85
27MAR2020,16,89
27MAR2020,15,73
27MAR2020,14,87
27MAR2020,13,58
27MAR2020,12,72
27MAR2020,11,82
27MAR2020,10,66
27MAR2020,9,40
27MAR2020,8,19
27MAR2020,7,9
27MAR2020,6,9
27MAR2020,5,9
27MAR2020,4,12
27MAR2020,3,16
27MAR2020,2,19
27MAR2020,1,40
27MAR2020,0,67
26MAR2020,23,89
26MAR2020,22,76
26MAR2020,21,117
26MAR2020,20,89
26MAR2020,19,128
26MAR2020,18,102
26MAR2020,17,151
26MAR2020,16,113
26MAR2020,15,118
26MAR2020,14,122
26MAR2020,13,127
26MAR2020,12,112
26MAR2020,11,111
26MAR2020,10,89
26MAR2020,9,51
26MAR2020,8,46
26MAR2020,7,20
26MAR2020,6,14
26MAR2020,5,13
26MAR2020,4,21
26MAR2020,3,27
26MAR2020,2,48
26MAR2020,1,64
26MAR2020,0,92
25MAR2020,23,111
25MAR2020,22,123
25MAR2020,21,129
25MAR2020,20,222
25MAR2020,19,151
25MAR2020,18,124
25MAR2020,17,144
25MAR2020,16,121
25MAR2020,15,167
25MAR2020,14,145
25MAR2020,13,196
25MAR2020,12,159
25MAR2020,11,123
25MAR2020,10,121
25MAR2020,9,81
25MAR2020,8,97
25MAR2020,7,39
25MAR2020,6,23
25MAR2020,5,28
25MAR2020,4,29
25MAR2020,3,38
25MAR2020,2,57
25MAR2020,1,72
25MAR2020,0,141
24MAR2020,23,227
24MAR2020,22,194
24MAR2020,21,212
24MAR2020,20,256
24MAR2020,19,172
24MAR2020,18,212
24MAR2020,17,168
24MAR2020,16,200
24MAR2020,15,284
24MAR2020,14,268
24MAR2020,13,325
24MAR2020,12,298
24MAR2020,11,174
24MAR2020,10,85
24MAR2020,9,72
24MAR2020,8,66
24MAR2020,7,24
24MAR2020,6,11
24MAR2020,5,19
24MAR2020,4,15
24MAR2020,3,28
24MAR2020,2,30
24MAR2020,1,56
24MAR2020,0,64
23MAR2020,23,88
23MAR2020,22,140
23MAR2020,21,174
23MAR2020,20,146
23MAR2020,19,158
23MAR2020,18,123
23MAR2020,17,126
23MAR2020,16,158
23MAR2020,15,158
23MAR2020,14,190
23MAR2020,13,306
23MAR2020,12,157
23MAR2020,11,100
23MAR2020,10,104
23MAR2020,9,43
23MAR2020,8,42
23MAR2020,7,19
23MAR2020,6,13
23MAR2020,5,16
23MAR2020,4,21
23MAR2020,3,32
23MAR2020,2,39
23MAR2020,1,68
23MAR2020,0,105
22MAR2020,23,134
22MAR2020,22,120
22MAR2020,21,138
22MAR2020,20,147
22MAR2020,19,148
22MAR2020,18,139
22MAR2020,17,128
22MAR2020,16,146
22MAR2020,15,122
22MAR2020,14,135
22MAR2020,13,148
22MAR2020,12,159
22MAR2020,11,136
22MAR2020,10,89
22MAR2020,9,64
22MAR2020,8,35
22MAR2020,7,27
22MAR2020,6,18
22MAR2020,5,21
22MAR2020,4,33
22MAR2020,3,33
22MAR2020,2,55
22MAR2020,1,88
22MAR2020,0,76
21MAR2020,23,142
21MAR2020,22,203
21MAR2020,21,210
21MAR2020,20,184
21MAR2020,19,164
21MAR2020,18,155
21MAR2020,17,154
21MAR2020,16,187
21MAR2020,15,160
21MAR2020,14,105
21MAR2020,13,114
21MAR2020,12,109
21MAR2020,11,105
21MAR2020,10,83
21MAR2020,9,54
21MAR2020,8,38
21MAR2020,7,15
21MAR2020,6,9
21MAR2020,5,13
21MAR2020,4,19
21MAR2020,3,28
21MAR2020,2,37
21MAR2020,1,59
21MAR2020,0,117
20MAR2020,23,135
20MAR2020,22,118
20MAR2020,21,166
20MAR2020,20,153
20MAR2020,19,174
20MAR2020,18,166
20MAR2020,17,167
20MAR2020,16,142
20MAR2020,15,178
20MAR2020,14,138
20MAR2020,13,147
20MAR2020,12,179
20MAR2020,11,159
20MAR2020,10,143
20MAR2020,9,86
20MAR2020,8,60
20MAR2020,7,34
20MAR2020,6,20
20MAR2020,5,23
20MAR2020,4,25
20MAR2020,3,26
20MAR2020,2,30
20MAR2020,1,43
20MAR2020,0,5
19MAR2020,23,5
19MAR2020,22,8
19MAR2020,21,6
19MAR2020,20,15
19MAR2020,19,13
19MAR2020,18,15
19MAR2020,17,8
19MAR2020,16,133
19MAR2020,15,112
19MAR2020,14,178
19MAR2020,13,198
19MAR2020,12,196
19MAR2020,11,239
19MAR2020,10,194
19MAR2020,9,521
19MAR2020,8,68
19MAR2020,7,31
19MAR2020,6,15
19MAR2020,5,15
19MAR2020,4,20
19MAR2020,3,23
19MAR2020,2,42
19MAR2020,1,72
19MAR2020,0,109
18MAR2020,23,133
18MAR2020,22,202
18MAR2020,21,189
18MAR2020,20,189
18MAR2020,19,205
18MAR2020,17,99
18MAR2020,16,184
18MAR2020,15,184
18MAR2020,14,203
18MAR2020,13,199
18MAR2020,12,224
18MAR2020,11,269
18MAR2020,10,215
18MAR2020,9,151
18MAR2020,8,107
18MAR2020,7,52
18MAR2020,6,22
18MAR2020,5,22
18MAR2020,4,15
18MAR2020,3,33
18MAR2020,2,36
18MAR2020,1,78
18MAR2020,0,108
17MAR2020,23,178
17MAR2020,22,240
17MAR2020,21,303
17MAR2020,20,307
17MAR2020,19,382
17MAR2020,18,385
17MAR2020,17,381
17MAR2020,16,412
17MAR2020,15,480
17MAR2020,14,562
17MAR2020,13,483
17MAR2020,12,484
17MAR2020,11,487
17MAR2020,10,304
17MAR2020,9,183
17MAR2020,8,95
17MAR2020,7,112
17MAR2020,6,31
17MAR2020,5,17
17MAR2020,4,17
17MAR2020,3,22
17MAR2020,2,34
17MAR2020,1,75
17MAR2020,0,114
16MAR2020,23,205
16MAR2020,22,241
16MAR2020,21,252
16MAR2020,20,215
16MAR2020,19,200
16MAR2020,18,174
16MAR2020,17,131
16MAR2020,16,163
16MAR2020,15,135
16MAR2020,14,127
16MAR2020,13,171
16MAR2020,12,144
16MAR2020,11,156
16MAR2020,10,137
16MAR2020,9,110
16MAR2020,8,87
16MAR2020,7,30
16MAR2020,6,13
16MAR2020,4,13
16MAR2020,3,17
16MAR2020,2,20
16MAR2020,1,58
16MAR2020,0,81
15MAR2020,23,92
15MAR2020,22,90
15MAR2020,21,127
15MAR2020,20,111
15MAR2020,19,81
15MAR2020,18,84
15MAR2020,17,92
15MAR2020,16,104
15MAR2020,15,111
15MAR2020,14,108
15MAR2020,13,67
15MAR2020,12,76
15MAR2020,11,82
15MAR2020,10,32
15MAR2020,9,44
15MAR2020,8,25
15MAR2020,7,7
15MAR2020,6,6
15MAR2020,4,11
15MAR2020,3,17
15MAR2020,2,27
15MAR2020,1,48
15MAR2020,0,108
14MAR2020,23,70
14MAR2020,22,89
14MAR2020,21,129
14MAR2020,20,91
14MAR2020,19,78
14MAR2020,18,74
14MAR2020,17,68
14MAR2020,16,97
14MAR2020,15,92
14MAR2020,14,100
14MAR2020,13,86
14MAR2020,12,107
14MAR2020,11,47
14MAR2020,10,31
14MAR2020,9,30
14MAR2020,5,3
14MAR2020,4,3
14MAR2020,2,15
14MAR2020,1,23
14MAR2020,0,33
